2026-01-06 14:30:04,646 - mmdet - INFO - Environment info:
------------------------------------------------------------
sys.platform: linux
Python: 3.8.20 (default, Oct  3 2024, 15:24:27) [GCC 11.2.0]
CUDA available: True
GPU 0: NVIDIA GeForce RTX 3090
CUDA_HOME: /usr/local/cuda
NVCC: Cuda compilation tools, release 11.3, V11.3.109
GCC: gcc (Ubuntu 9.3.0-17ubuntu1~20.04) 9.3.0
PyTorch: 1.10.1+cu113
PyTorch compiling details: PyTorch built with:
  - GCC 7.3
  - C++ Version: 201402
  - Intel(R) Math Kernel Library Version 2020.0.0 Product Build 20191122 for Intel(R) 64 architecture applications
  - Intel(R) MKL-DNN v2.2.3 (Git Hash 7336ca9f055cf1bfa13efb658fe15dc9b41f0740)
  - OpenMP 201511 (a.k.a. OpenMP 4.5)
  - LAPACK is enabled (usually provided by MKL)
  - NNPACK is enabled
  - CPU capability usage: AVX512
  - CUDA Runtime 11.3
  - NVCC architecture flags: -gencode;arch=compute_37,code=sm_37;-gencode;arch=compute_50,code=sm_50;-gencode;arch=compute_60,code=sm_60;-gencode;arch=compute_70,code=sm_70;-gencode;arch=compute_75,code=sm_75;-gencode;arch=compute_80,code=sm_80;-gencode;arch=compute_86,code=sm_86
  - CuDNN 8.2
  - Magma 2.5.2
  - Build settings: BLAS_INFO=mkl, BUILD_TYPE=Release, CUDA_VERSION=11.3, CUDNN_VERSION=8.2.0, CXX_COMPILER=/opt/rh/devtoolset-7/root/usr/bin/c++, CXX_FLAGS= -Wno-deprecated -fvisibility-inlines-hidden -DUSE_PTHREADPOOL -fopenmp -DNDEBUG -DUSE_KINETO -DUSE_FBGEMM -DUSE_QNNPACK -DUSE_PYTORCH_QNNPACK -DUSE_XNNPACK -DSYMBOLICATE_MOBILE_DEBUG_HANDLE -DEDGE_PROFILER_USE_KINETO -O2 -fPIC -Wno-narrowing -Wall -Wextra -Werror=return-type -Wno-missing-field-initializers -Wno-type-limits -Wno-array-bounds -Wno-unknown-pragmas -Wno-sign-compare -Wno-unused-parameter -Wno-unused-variable -Wno-unused-function -Wno-unused-result -Wno-unused-local-typedefs -Wno-strict-overflow -Wno-strict-aliasing -Wno-error=deprecated-declarations -Wno-stringop-overflow -Wno-psabi -Wno-error=pedantic -Wno-error=redundant-decls -Wno-error=old-style-cast -fdiagnostics-color=always -faligned-new -Wno-unused-but-set-variable -Wno-maybe-uninitialized -fno-math-errno -fno-trapping-math -Werror=format -Wno-stringop-overflow, LAPACK_INFO=mkl, PERF_WITH_AVX=1, PERF_WITH_AVX2=1, PERF_WITH_AVX512=1, TORCH_VERSION=1.10.1, USE_CUDA=ON, USE_CUDNN=ON, USE_EXCEPTION_PTR=1, USE_GFLAGS=OFF, USE_GLOG=OFF, USE_MKL=ON, USE_MKLDNN=ON, USE_MPI=OFF, USE_NCCL=ON, USE_NNPACK=ON, USE_OPENMP=ON, 

TorchVision: 0.11.2+cu113
OpenCV: 4.12.0
MMCV: 1.6.0
MMCV Compiler: GCC 9.3
MMCV CUDA Compiler: 11.3
MMDetection: 2.28.2
MMSegmentation: 0.30.0
MMDetection3D: 1.0.0rc6+91203f2
spconv2.0: False
------------------------------------------------------------

2026-01-06 14:30:05,968 - mmdet - INFO - Distributed training: True
2026-01-06 14:30:07,183 - mmdet - INFO - Config:
point_cloud_range = [-51.2, -51.2, -5.0, 51.2, 51.2, 3.0]
class_names = [
    'car', 'truck', 'construction_vehicle', 'bus', 'trailer', 'barrier',
    'motorcycle', 'bicycle', 'pedestrian', 'traffic_cone'
]
dataset_type = 'CustomNuScenesDataset'
data_root = './data/nuscenes/'
input_modality = dict(
    use_lidar=False,
    use_camera=True,
    use_radar=False,
    use_map=False,
    use_external=True)
file_client_args = dict(backend='disk')
train_pipeline = [
    dict(type='LoadMultiViewImageFromFiles', to_float32=True),
    dict(
        type='LoadAnnotations3D',
        with_bbox_3d=True,
        with_label_3d=True,
        with_bbox=True,
        with_label=True,
        with_bbox_depth=True),
    dict(
        type='ObjectRangeFilter',
        point_cloud_range=[-51.2, -51.2, -5.0, 51.2, 51.2, 3.0]),
    dict(
        type='ObjectNameFilter',
        classes=[
            'car', 'truck', 'construction_vehicle', 'bus', 'trailer',
            'barrier', 'motorcycle', 'bicycle', 'pedestrian', 'traffic_cone'
        ]),
    dict(
        type='ResizeCropFlipRotImage',
        data_aug_conf=dict(
            resize_lim=(0.38, 0.55),
            final_dim=(256, 704),
            bot_pct_lim=(0.0, 0.0),
            rot_lim=(0.0, 0.0),
            H=900,
            W=1600,
            rand_flip=True),
        training=True),
    dict(
        type='GlobalRotScaleTransImage',
        rot_range=[-0.3925, 0.3925],
        translation_std=[0, 0, 0],
        scale_ratio_range=[0.95, 1.05],
        reverse_angle=True,
        training=True),
    dict(
        type='NormalizeMultiviewImage',
        mean=[123.675, 116.28, 103.53],
        std=[58.395, 57.12, 57.375],
        to_rgb=True),
    dict(type='PadMultiViewImage', size_divisor=32),
    dict(
        type='PETRFormatBundle3D',
        class_names=[
            'car', 'truck', 'construction_vehicle', 'bus', 'trailer',
            'barrier', 'motorcycle', 'bicycle', 'pedestrian', 'traffic_cone'
        ],
        collect_keys=[
            'lidar2img', 'intrinsics', 'extrinsics', 'timestamp',
            'img_timestamp', 'ego_pose', 'ego_pose_inv', 'prev_exists'
        ]),
    dict(
        type='Collect3D',
        keys=[
            'gt_bboxes_3d', 'gt_labels_3d', 'img', 'gt_bboxes', 'gt_labels',
            'centers2d', 'depths', 'prev_exists', 'lidar2img', 'intrinsics',
            'extrinsics', 'timestamp', 'img_timestamp', 'ego_pose',
            'ego_pose_inv'
        ],
        meta_keys=('filename', 'ori_shape', 'img_shape', 'pad_shape',
                   'scale_factor', 'flip', 'box_mode_3d', 'box_type_3d',
                   'img_norm_cfg', 'scene_token', 'gt_bboxes_3d',
                   'gt_labels_3d'))
]
test_pipeline = [
    dict(type='LoadMultiViewImageFromFiles', to_float32=True),
    dict(
        type='ResizeCropFlipRotImage',
        data_aug_conf=dict(
            resize_lim=(0.38, 0.55),
            final_dim=(256, 704),
            bot_pct_lim=(0.0, 0.0),
            rot_lim=(0.0, 0.0),
            H=900,
            W=1600,
            rand_flip=True),
        training=False),
    dict(
        type='NormalizeMultiviewImage',
        mean=[123.675, 116.28, 103.53],
        std=[58.395, 57.12, 57.375],
        to_rgb=True),
    dict(type='PadMultiViewImage', size_divisor=32),
    dict(
        type='MultiScaleFlipAug3D',
        img_scale=(1333, 800),
        pts_scale_ratio=1,
        flip=False,
        transforms=[
            dict(
                type='PETRFormatBundle3D',
                collect_keys=[
                    'lidar2img', 'intrinsics', 'extrinsics', 'timestamp',
                    'img_timestamp', 'ego_pose', 'ego_pose_inv'
                ],
                class_names=[
                    'car', 'truck', 'construction_vehicle', 'bus', 'trailer',
                    'barrier', 'motorcycle', 'bicycle', 'pedestrian',
                    'traffic_cone'
                ],
                with_label=False),
            dict(
                type='Collect3D',
                keys=[
                    'img', 'lidar2img', 'intrinsics', 'extrinsics',
                    'timestamp', 'img_timestamp', 'ego_pose', 'ego_pose_inv'
                ],
                meta_keys=('filename', 'ori_shape', 'img_shape', 'pad_shape',
                           'scale_factor', 'flip', 'box_mode_3d',
                           'box_type_3d', 'img_norm_cfg', 'scene_token'))
        ])
]
eval_pipeline = [
    dict(
        type='LoadPointsFromFile',
        coord_type='LIDAR',
        load_dim=5,
        use_dim=5,
        file_client_args=dict(backend='disk')),
    dict(
        type='LoadPointsFromMultiSweeps',
        sweeps_num=10,
        file_client_args=dict(backend='disk')),
    dict(
        type='DefaultFormatBundle3D',
        class_names=[
            'car', 'truck', 'trailer', 'bus', 'construction_vehicle',
            'bicycle', 'motorcycle', 'pedestrian', 'traffic_cone', 'barrier'
        ],
        with_label=False),
    dict(type='Collect3D', keys=['points'])
]
data = dict(
    samples_per_gpu=1,
    workers_per_gpu=2,
    train=dict(
        type='CustomNuScenesDataset',
        data_root='./data/nuscenes/',
        ann_file='./data/nuscenes/nuscenes2d_temporal_infos_train.pkl',
        pipeline=[
            dict(type='LoadMultiViewImageFromFiles', to_float32=True),
            dict(
                type='LoadAnnotations3D',
                with_bbox_3d=True,
                with_label_3d=True,
                with_bbox=True,
                with_label=True,
                with_bbox_depth=True),
            dict(
                type='ObjectRangeFilter',
                point_cloud_range=[-51.2, -51.2, -5.0, 51.2, 51.2, 3.0]),
            dict(
                type='ObjectNameFilter',
                classes=[
                    'car', 'truck', 'construction_vehicle', 'bus', 'trailer',
                    'barrier', 'motorcycle', 'bicycle', 'pedestrian',
                    'traffic_cone'
                ]),
            dict(
                type='ResizeCropFlipRotImage',
                data_aug_conf=dict(
                    resize_lim=(0.38, 0.55),
                    final_dim=(256, 704),
                    bot_pct_lim=(0.0, 0.0),
                    rot_lim=(0.0, 0.0),
                    H=900,
                    W=1600,
                    rand_flip=True),
                training=True),
            dict(
                type='GlobalRotScaleTransImage',
                rot_range=[-0.3925, 0.3925],
                translation_std=[0, 0, 0],
                scale_ratio_range=[0.95, 1.05],
                reverse_angle=True,
                training=True),
            dict(
                type='NormalizeMultiviewImage',
                mean=[123.675, 116.28, 103.53],
                std=[58.395, 57.12, 57.375],
                to_rgb=True),
            dict(type='PadMultiViewImage', size_divisor=32),
            dict(
                type='PETRFormatBundle3D',
                class_names=[
                    'car', 'truck', 'construction_vehicle', 'bus', 'trailer',
                    'barrier', 'motorcycle', 'bicycle', 'pedestrian',
                    'traffic_cone'
                ],
                collect_keys=[
                    'lidar2img', 'intrinsics', 'extrinsics', 'timestamp',
                    'img_timestamp', 'ego_pose', 'ego_pose_inv', 'prev_exists'
                ]),
            dict(
                type='Collect3D',
                keys=[
                    'gt_bboxes_3d', 'gt_labels_3d', 'img', 'gt_bboxes',
                    'gt_labels', 'centers2d', 'depths', 'prev_exists',
                    'lidar2img', 'intrinsics', 'extrinsics', 'timestamp',
                    'img_timestamp', 'ego_pose', 'ego_pose_inv'
                ],
                meta_keys=('filename', 'ori_shape', 'img_shape', 'pad_shape',
                           'scale_factor', 'flip', 'box_mode_3d',
                           'box_type_3d', 'img_norm_cfg', 'scene_token',
                           'gt_bboxes_3d', 'gt_labels_3d'))
        ],
        classes=[
            'car', 'truck', 'construction_vehicle', 'bus', 'trailer',
            'barrier', 'motorcycle', 'bicycle', 'pedestrian', 'traffic_cone'
        ],
        modality=dict(
            use_lidar=False,
            use_camera=True,
            use_radar=False,
            use_map=False,
            use_external=True),
        test_mode=False,
        box_type_3d='LiDAR',
        num_frame_losses=1,
        seq_split_num=2,
        seq_mode=True,
        collect_keys=[
            'lidar2img', 'intrinsics', 'extrinsics', 'timestamp',
            'img_timestamp', 'ego_pose', 'ego_pose_inv', 'img', 'prev_exists',
            'img_metas'
        ],
        queue_length=1,
        use_valid_flag=True,
        filter_empty_gt=False),
    val=dict(
        type='CustomNuScenesDataset',
        data_root='data/nuscenes/',
        ann_file='./data/nuscenes/nuscenes2d_temporal_infos_val.pkl',
        pipeline=[
            dict(type='LoadMultiViewImageFromFiles', to_float32=True),
            dict(
                type='ResizeCropFlipRotImage',
                data_aug_conf=dict(
                    resize_lim=(0.38, 0.55),
                    final_dim=(256, 704),
                    bot_pct_lim=(0.0, 0.0),
                    rot_lim=(0.0, 0.0),
                    H=900,
                    W=1600,
                    rand_flip=True),
                training=False),
            dict(
                type='NormalizeMultiviewImage',
                mean=[123.675, 116.28, 103.53],
                std=[58.395, 57.12, 57.375],
                to_rgb=True),
            dict(type='PadMultiViewImage', size_divisor=32),
            dict(
                type='MultiScaleFlipAug3D',
                img_scale=(1333, 800),
                pts_scale_ratio=1,
                flip=False,
                transforms=[
                    dict(
                        type='PETRFormatBundle3D',
                        collect_keys=[
                            'lidar2img', 'intrinsics', 'extrinsics',
                            'timestamp', 'img_timestamp', 'ego_pose',
                            'ego_pose_inv'
                        ],
                        class_names=[
                            'car', 'truck', 'construction_vehicle', 'bus',
                            'trailer', 'barrier', 'motorcycle', 'bicycle',
                            'pedestrian', 'traffic_cone'
                        ],
                        with_label=False),
                    dict(
                        type='Collect3D',
                        keys=[
                            'img', 'lidar2img', 'intrinsics', 'extrinsics',
                            'timestamp', 'img_timestamp', 'ego_pose',
                            'ego_pose_inv'
                        ],
                        meta_keys=('filename', 'ori_shape', 'img_shape',
                                   'pad_shape', 'scale_factor', 'flip',
                                   'box_mode_3d', 'box_type_3d',
                                   'img_norm_cfg', 'scene_token'))
                ])
        ],
        classes=[
            'car', 'truck', 'construction_vehicle', 'bus', 'trailer',
            'barrier', 'motorcycle', 'bicycle', 'pedestrian', 'traffic_cone'
        ],
        modality=dict(
            use_lidar=False,
            use_camera=True,
            use_radar=False,
            use_map=False,
            use_external=True),
        test_mode=True,
        box_type_3d='LiDAR',
        collect_keys=[
            'lidar2img', 'intrinsics', 'extrinsics', 'timestamp',
            'img_timestamp', 'ego_pose', 'ego_pose_inv', 'img', 'img_metas'
        ],
        queue_length=1),
    test=dict(
        type='CustomNuScenesDataset',
        data_root='data/nuscenes/',
        ann_file='./data/nuscenes/nuscenes2d_temporal_infos_val.pkl',
        pipeline=[
            dict(type='LoadMultiViewImageFromFiles', to_float32=True),
            dict(
                type='ResizeCropFlipRotImage',
                data_aug_conf=dict(
                    resize_lim=(0.38, 0.55),
                    final_dim=(256, 704),
                    bot_pct_lim=(0.0, 0.0),
                    rot_lim=(0.0, 0.0),
                    H=900,
                    W=1600,
                    rand_flip=True),
                training=False),
            dict(
                type='NormalizeMultiviewImage',
                mean=[123.675, 116.28, 103.53],
                std=[58.395, 57.12, 57.375],
                to_rgb=True),
            dict(type='PadMultiViewImage', size_divisor=32),
            dict(
                type='MultiScaleFlipAug3D',
                img_scale=(1333, 800),
                pts_scale_ratio=1,
                flip=False,
                transforms=[
                    dict(
                        type='PETRFormatBundle3D',
                        collect_keys=[
                            'lidar2img', 'intrinsics', 'extrinsics',
                            'timestamp', 'img_timestamp', 'ego_pose',
                            'ego_pose_inv'
                        ],
                        class_names=[
                            'car', 'truck', 'construction_vehicle', 'bus',
                            'trailer', 'barrier', 'motorcycle', 'bicycle',
                            'pedestrian', 'traffic_cone'
                        ],
                        with_label=False),
                    dict(
                        type='Collect3D',
                        keys=[
                            'img', 'lidar2img', 'intrinsics', 'extrinsics',
                            'timestamp', 'img_timestamp', 'ego_pose',
                            'ego_pose_inv'
                        ],
                        meta_keys=('filename', 'ori_shape', 'img_shape',
                                   'pad_shape', 'scale_factor', 'flip',
                                   'box_mode_3d', 'box_type_3d',
                                   'img_norm_cfg', 'scene_token'))
                ])
        ],
        classes=[
            'car', 'truck', 'construction_vehicle', 'bus', 'trailer',
            'barrier', 'motorcycle', 'bicycle', 'pedestrian', 'traffic_cone'
        ],
        modality=dict(
            use_lidar=False,
            use_camera=True,
            use_radar=False,
            use_map=False,
            use_external=True),
        test_mode=True,
        box_type_3d='LiDAR',
        collect_keys=[
            'lidar2img', 'intrinsics', 'extrinsics', 'timestamp',
            'img_timestamp', 'ego_pose', 'ego_pose_inv', 'img', 'img_metas'
        ],
        queue_length=1),
    shuffler_sampler=dict(type='InfiniteGroupEachSampleInBatchSampler'),
    nonshuffler_sampler=dict(type='DistributedSampler'))
evaluation = dict(
    interval=84384,
    pipeline=[
        dict(type='LoadMultiViewImageFromFiles', to_float32=True),
        dict(
            type='ResizeCropFlipRotImage',
            data_aug_conf=dict(
                resize_lim=(0.38, 0.55),
                final_dim=(256, 704),
                bot_pct_lim=(0.0, 0.0),
                rot_lim=(0.0, 0.0),
                H=900,
                W=1600,
                rand_flip=True),
            training=False),
        dict(
            type='NormalizeMultiviewImage',
            mean=[123.675, 116.28, 103.53],
            std=[58.395, 57.12, 57.375],
            to_rgb=True),
        dict(type='PadMultiViewImage', size_divisor=32),
        dict(
            type='MultiScaleFlipAug3D',
            img_scale=(1333, 800),
            pts_scale_ratio=1,
            flip=False,
            transforms=[
                dict(
                    type='PETRFormatBundle3D',
                    collect_keys=[
                        'lidar2img', 'intrinsics', 'extrinsics', 'timestamp',
                        'img_timestamp', 'ego_pose', 'ego_pose_inv'
                    ],
                    class_names=[
                        'car', 'truck', 'construction_vehicle', 'bus',
                        'trailer', 'barrier', 'motorcycle', 'bicycle',
                        'pedestrian', 'traffic_cone'
                    ],
                    with_label=False),
                dict(
                    type='Collect3D',
                    keys=[
                        'img', 'lidar2img', 'intrinsics', 'extrinsics',
                        'timestamp', 'img_timestamp', 'ego_pose',
                        'ego_pose_inv'
                    ],
                    meta_keys=('filename', 'ori_shape', 'img_shape',
                               'pad_shape', 'scale_factor', 'flip',
                               'box_mode_3d', 'box_type_3d', 'img_norm_cfg',
                               'scene_token'))
            ])
    ])
checkpoint_config = dict(interval=3516, max_keep_ckpts=3)
log_config = dict(
    interval=50,
    hooks=[dict(type='TextLoggerHook'),
           dict(type='TensorboardLoggerHook')])
dist_params = dict(backend='nccl')
log_level = 'INFO'
work_dir = './work_dirs/stream_petr_r50_flash_704_bs2_seq_24e'
load_from = None
resume_from = None
workflow = [('train', 1)]
opencv_num_threads = 0
mp_start_method = 'fork'
backbone_norm_cfg = dict(type='LN', requires_grad=True)
plugin = True
plugin_dir = 'projects/mmdet3d_plugin/'
voxel_size = [0.2, 0.2, 8]
img_norm_cfg = dict(
    mean=[123.675, 116.28, 103.53], std=[58.395, 57.12, 57.375], to_rgb=True)
num_gpus = 8
batch_size = 1
num_iters_per_epoch = 3516
num_epochs = 24
queue_length = 1
num_frame_losses = 1
collect_keys = [
    'lidar2img', 'intrinsics', 'extrinsics', 'timestamp', 'img_timestamp',
    'ego_pose', 'ego_pose_inv'
]
model = dict(
    type='Petr3D',
    num_frame_head_grads=1,
    num_frame_backbone_grads=1,
    num_frame_losses=1,
    use_grid_mask=True,
    img_backbone=dict(
        pretrained='torchvision://resnet50',
        type='ResNet',
        depth=50,
        num_stages=4,
        out_indices=(1, 2, 3),
        frozen_stages=-1,
        norm_cfg=dict(type='BN2d', requires_grad=False),
        norm_eval=True,
        with_cp=False,
        style='pytorch'),
    img_neck=dict(
        type='CPFPN',
        in_channels=[512, 1024, 2048],
        out_channels=256,
        num_outs=4),
    img_roi_head=dict(
        type='FocalHead',
        num_classes=10,
        in_channels=256,
        loss_cls2d=dict(
            type='QualityFocalLoss',
            use_sigmoid=True,
            beta=2.0,
            loss_weight=2.0),
        loss_centerness=dict(
            type='GaussianFocalLoss', reduction='mean', loss_weight=1.0),
        loss_bbox2d=dict(type='L1Loss', loss_weight=5.0),
        loss_iou2d=dict(type='GIoULoss', loss_weight=2.0),
        loss_centers2d=dict(type='L1Loss', loss_weight=10.0),
        train_cfg=dict(
            assigner2d=dict(
                type='HungarianAssigner2D',
                cls_cost=dict(type='FocalLossCost', weight=2.0),
                reg_cost=dict(
                    type='BBoxL1Cost', weight=5.0, box_format='xywh'),
                iou_cost=dict(type='IoUCost', iou_mode='giou', weight=2.0),
                centers2d_cost=dict(type='BBox3DL1Cost', weight=10.0)))),
    pts_bbox_head=dict(
        type='StreamPETRHead',
        num_classes=10,
        in_channels=256,
        num_query=644,
        memory_len=1024,
        topk_proposals=256,
        num_propagated=256,
        with_ego_pos=True,
        match_with_velo=False,
        scalar=10,
        noise_scale=1.0,
        dn_weight=1.0,
        split=0.75,
        LID=True,
        with_position=True,
        position_range=[-61.2, -61.2, -10.0, 61.2, 61.2, 10.0],
        code_weights=[2.0, 2.0, 1.0, 1.0, 1.0, 1.0, 1.0, 1.0, 1.0, 1.0],
        transformer=dict(
            type='PETRTemporalTransformer',
            decoder=dict(
                type='PETRTransformerDecoder',
                return_intermediate=True,
                num_layers=6,
                transformerlayers=dict(
                    type='PETRTemporalDecoderLayer',
                    attn_cfgs=[
                        dict(
                            type='MultiheadAttention',
                            embed_dims=256,
                            num_heads=8,
                            dropout=0.1),
                        dict(
                            type='PETRMultiheadFlashAttention',
                            embed_dims=256,
                            num_heads=8,
                            dropout=0.1)
                    ],
                    feedforward_channels=2048,
                    ffn_dropout=0.1,
                    with_cp=False,
                    operation_order=('self_attn', 'norm', 'cross_attn', 'norm',
                                     'ffn', 'norm')))),
        bbox_coder=dict(
            type='NMSFreeCoder',
            post_center_range=[-61.2, -61.2, -10.0, 61.2, 61.2, 10.0],
            pc_range=[-51.2, -51.2, -5.0, 51.2, 51.2, 3.0],
            max_num=300,
            voxel_size=[0.2, 0.2, 8],
            num_classes=10),
        loss_cls=dict(
            type='FocalLoss',
            use_sigmoid=True,
            gamma=2.0,
            alpha=0.25,
            loss_weight=2.0),
        loss_bbox=dict(type='L1Loss', loss_weight=0.25),
        loss_iou=dict(type='GIoULoss', loss_weight=0.0)),
    train_cfg=dict(
        pts=dict(
            grid_size=[512, 512, 1],
            voxel_size=[0.2, 0.2, 8],
            point_cloud_range=[-51.2, -51.2, -5.0, 51.2, 51.2, 3.0],
            out_size_factor=4,
            assigner=dict(
                type='HungarianAssigner3D',
                cls_cost=dict(type='FocalLossCost', weight=2.0),
                reg_cost=dict(type='BBox3DL1Cost', weight=0.25),
                iou_cost=dict(type='IoUCost', weight=0.0),
                pc_range=[-51.2, -51.2, -5.0, 51.2, 51.2, 3.0]))))
ida_aug_conf = dict(
    resize_lim=(0.38, 0.55),
    final_dim=(256, 704),
    bot_pct_lim=(0.0, 0.0),
    rot_lim=(0.0, 0.0),
    H=900,
    W=1600,
    rand_flip=True)
optimizer = dict(
    type='AdamW',
    lr=0.0004,
    paramwise_cfg=dict(custom_keys=dict(img_backbone=dict(lr_mult=0.25))),
    weight_decay=0.01)
optimizer_config = dict(
    type='Fp16OptimizerHook',
    loss_scale='dynamic',
    grad_clip=dict(max_norm=35, norm_type=2))
lr_config = dict(
    policy='CosineAnnealing',
    warmup='linear',
    warmup_iters=500,
    warmup_ratio=0.3333333333333333,
    min_lr_ratio=0.001)
find_unused_parameters = False
runner = dict(type='IterBasedRunner', max_iters=84384)
gpu_ids = range(0, 1)

2026-01-06 14:30:07,184 - mmdet - INFO - Set random seed to 0, deterministic: False
2026-01-06 14:30:07,520 - mmdet - INFO - initialize ResNet with init_cfg {'type': 'Pretrained', 'checkpoint': 'torchvision://resnet50'}
2026-01-06 14:30:07,612 - mmdet - INFO - initialize CPFPN with init_cfg {'type': 'Xavier', 'layer': 'Conv2d', 'distribution': 'uniform'}
Name of parameter - Initialization information

pts_bbox_head.code_weights - torch.Size([10]): 
The value is the same before and after calling `init_weights` of Petr3D  

pts_bbox_head.match_costs - torch.Size([10]): 
The value is the same before and after calling `init_weights` of Petr3D  

pts_bbox_head.pc_range - torch.Size([6]): 
The value is the same before and after calling `init_weights` of Petr3D  

pts_bbox_head.position_range - torch.Size([6]): 
The value is the same before and after calling `init_weights` of Petr3D  

pts_bbox_head.coords_d - torch.Size([64]): 
The value is the same before and after calling `init_weights` of Petr3D  

pts_bbox_head.cls_branches.0.0.weight - torch.Size([256, 256]): 
The value is the same before and after calling `init_weights` of Petr3D  

pts_bbox_head.cls_branches.0.0.bias - torch.Size([256]): 
The value is the same before and after calling `init_weights` of Petr3D  

pts_bbox_head.cls_branches.0.1.weight - torch.Size([256]): 
The value is the same before and after calling `init_weights` of Petr3D  

pts_bbox_head.cls_branches.0.1.bias - torch.Size([256]): 
The value is the same before and after calling `init_weights` of Petr3D  

pts_bbox_head.cls_branches.0.3.weight - torch.Size([256, 256]): 
The value is the same before and after calling `init_weights` of Petr3D  

pts_bbox_head.cls_branches.0.3.bias - torch.Size([256]): 
The value is the same before and after calling `init_weights` of Petr3D  

pts_bbox_head.cls_branches.0.4.weight - torch.Size([256]): 
The value is the same before and after calling `init_weights` of Petr3D  

pts_bbox_head.cls_branches.0.4.bias - torch.Size([256]): 
The value is the same before and after calling `init_weights` of Petr3D  

pts_bbox_head.cls_branches.0.6.weight - torch.Size([10, 256]): 
The value is the same before and after calling `init_weights` of Petr3D  

pts_bbox_head.cls_branches.0.6.bias - torch.Size([10]): 
Initialized by user-defined `init_weights` in StreamPETRHead  

pts_bbox_head.reg_branches.0.0.weight - torch.Size([256, 256]): 
The value is the same before and after calling `init_weights` of Petr3D  

pts_bbox_head.reg_branches.0.0.bias - torch.Size([256]): 
The value is the same before and after calling `init_weights` of Petr3D  

pts_bbox_head.reg_branches.0.2.weight - torch.Size([256, 256]): 
The value is the same before and after calling `init_weights` of Petr3D  

pts_bbox_head.reg_branches.0.2.bias - torch.Size([256]): 
The value is the same before and after calling `init_weights` of Petr3D  

pts_bbox_head.reg_branches.0.4.weight - torch.Size([10, 256]): 
The value is the same before and after calling `init_weights` of Petr3D  

pts_bbox_head.reg_branches.0.4.bias - torch.Size([10]): 
The value is the same before and after calling `init_weights` of Petr3D  

pts_bbox_head.position_encoder.0.weight - torch.Size([1024, 192]): 
The value is the same before and after calling `init_weights` of Petr3D  

pts_bbox_head.position_encoder.0.bias - torch.Size([1024]): 
The value is the same before and after calling `init_weights` of Petr3D  

pts_bbox_head.position_encoder.2.weight - torch.Size([256, 1024]): 
The value is the same before and after calling `init_weights` of Petr3D  

pts_bbox_head.position_encoder.2.bias - torch.Size([256]): 
The value is the same before and after calling `init_weights` of Petr3D  

pts_bbox_head.memory_embed.0.weight - torch.Size([256, 256]): 
The value is the same before and after calling `init_weights` of Petr3D  

pts_bbox_head.memory_embed.0.bias - torch.Size([256]): 
The value is the same before and after calling `init_weights` of Petr3D  

pts_bbox_head.memory_embed.2.weight - torch.Size([256, 256]): 
The value is the same before and after calling `init_weights` of Petr3D  

pts_bbox_head.memory_embed.2.bias - torch.Size([256]): 
The value is the same before and after calling `init_weights` of Petr3D  

pts_bbox_head.featurized_pe.conv_reduce.weight - torch.Size([256, 256]): 
The value is the same before and after calling `init_weights` of Petr3D  

pts_bbox_head.featurized_pe.conv_reduce.bias - torch.Size([256]): 
The value is the same before and after calling `init_weights` of Petr3D  

pts_bbox_head.featurized_pe.conv_expand.weight - torch.Size([256, 256]): 
The value is the same before and after calling `init_weights` of Petr3D  

pts_bbox_head.featurized_pe.conv_expand.bias - torch.Size([256]): 
The value is the same before and after calling `init_weights` of Petr3D  

pts_bbox_head.reference_points.weight - torch.Size([644, 3]): 
Initialized by user-defined `init_weights` in StreamPETRHead  

pts_bbox_head.pseudo_reference_points.weight - torch.Size([256, 3]): 
Initialized by user-defined `init_weights` in StreamPETRHead  

pts_bbox_head.query_embedding.0.weight - torch.Size([256, 384]): 
The value is the same before and after calling `init_weights` of Petr3D  

pts_bbox_head.query_embedding.0.bias - torch.Size([256]): 
The value is the same before and after calling `init_weights` of Petr3D  

pts_bbox_head.query_embedding.2.weight - torch.Size([256, 256]): 
The value is the same before and after calling `init_weights` of Petr3D  

pts_bbox_head.query_embedding.2.bias - torch.Size([256]): 
The value is the same before and after calling `init_weights` of Petr3D  

pts_bbox_head.spatial_alignment.reduce.0.weight - torch.Size([256, 8]): 
The value is the same before and after calling `init_weights` of Petr3D  

pts_bbox_head.spatial_alignment.reduce.0.bias - torch.Size([256]): 
The value is the same before and after calling `init_weights` of Petr3D  

pts_bbox_head.spatial_alignment.gamma.weight - torch.Size([256, 256]): 
The value is the same before and after calling `init_weights` of Petr3D  

pts_bbox_head.spatial_alignment.gamma.bias - torch.Size([256]): 
The value is the same before and after calling `init_weights` of Petr3D  

pts_bbox_head.spatial_alignment.beta.weight - torch.Size([256, 256]): 
The value is the same before and after calling `init_weights` of Petr3D  

pts_bbox_head.spatial_alignment.beta.bias - torch.Size([256]): 
The value is the same before and after calling `init_weights` of Petr3D  

pts_bbox_head.time_embedding.0.weight - torch.Size([256, 256]): 
The value is the same before and after calling `init_weights` of Petr3D  

pts_bbox_head.time_embedding.0.bias - torch.Size([256]): 
The value is the same before and after calling `init_weights` of Petr3D  

pts_bbox_head.time_embedding.1.weight - torch.Size([256]): 
The value is the same before and after calling `init_weights` of Petr3D  

pts_bbox_head.time_embedding.1.bias - torch.Size([256]): 
The value is the same before and after calling `init_weights` of Petr3D  

pts_bbox_head.ego_pose_pe.reduce.0.weight - torch.Size([256, 180]): 
The value is the same before and after calling `init_weights` of Petr3D  

pts_bbox_head.ego_pose_pe.reduce.0.bias - torch.Size([256]): 
The value is the same before and after calling `init_weights` of Petr3D  

pts_bbox_head.ego_pose_pe.gamma.weight - torch.Size([256, 256]): 
The value is the same before and after calling `init_weights` of Petr3D  

pts_bbox_head.ego_pose_pe.gamma.bias - torch.Size([256]): 
The value is the same before and after calling `init_weights` of Petr3D  

pts_bbox_head.ego_pose_pe.beta.weight - torch.Size([256, 256]): 
The value is the same before and after calling `init_weights` of Petr3D  

pts_bbox_head.ego_pose_pe.beta.bias - torch.Size([256]): 
The value is the same before and after calling `init_weights` of Petr3D  

pts_bbox_head.ego_pose_memory.reduce.0.weight - torch.Size([256, 180]): 
The value is the same before and after calling `init_weights` of Petr3D  

pts_bbox_head.ego_pose_memory.reduce.0.bias - torch.Size([256]): 
The value is the same before and after calling `init_weights` of Petr3D  

pts_bbox_head.ego_pose_memory.gamma.weight - torch.Size([256, 256]): 
The value is the same before and after calling `init_weights` of Petr3D  

pts_bbox_head.ego_pose_memory.gamma.bias - torch.Size([256]): 
The value is the same before and after calling `init_weights` of Petr3D  

pts_bbox_head.ego_pose_memory.beta.weight - torch.Size([256, 256]): 
The value is the same before and after calling `init_weights` of Petr3D  

pts_bbox_head.ego_pose_memory.beta.bias - torch.Size([256]): 
The value is the same before and after calling `init_weights` of Petr3D  

pts_bbox_head.transformer.decoder.layers.0.attentions.0.attn.in_proj_weight - torch.Size([768, 256]): 
The value is the same before and after calling `init_weights` of Petr3D  

pts_bbox_head.transformer.decoder.layers.0.attentions.0.attn.in_proj_bias - torch.Size([768]): 
The value is the same before and after calling `init_weights` of Petr3D  

pts_bbox_head.transformer.decoder.layers.0.attentions.0.attn.out_proj.weight - torch.Size([256, 256]): 
Initialized by user-defined `init_weights` in StreamPETRHead  

pts_bbox_head.transformer.decoder.layers.0.attentions.0.attn.out_proj.bias - torch.Size([256]): 
The value is the same before and after calling `init_weights` of Petr3D  

pts_bbox_head.transformer.decoder.layers.0.attentions.1.attn.in_proj_weight - torch.Size([768, 256]): 
The value is the same before and after calling `init_weights` of Petr3D  

pts_bbox_head.transformer.decoder.layers.0.attentions.1.attn.in_proj_bias - torch.Size([768]): 
The value is the same before and after calling `init_weights` of Petr3D  

pts_bbox_head.transformer.decoder.layers.0.attentions.1.attn.out_proj.weight - torch.Size([256, 256]): 
Initialized by user-defined `init_weights` in StreamPETRHead  

pts_bbox_head.transformer.decoder.layers.0.attentions.1.attn.out_proj.bias - torch.Size([256]): 
The value is the same before and after calling `init_weights` of Petr3D  

pts_bbox_head.transformer.decoder.layers.0.ffns.0.layers.0.0.weight - torch.Size([2048, 256]): 
Initialized by user-defined `init_weights` in StreamPETRHead  

pts_bbox_head.transformer.decoder.layers.0.ffns.0.layers.0.0.bias - torch.Size([2048]): 
Initialized by user-defined `init_weights` in StreamPETRHead  

pts_bbox_head.transformer.decoder.layers.0.ffns.0.layers.1.weight - torch.Size([256, 2048]): 
Initialized by user-defined `init_weights` in StreamPETRHead  

pts_bbox_head.transformer.decoder.layers.0.ffns.0.layers.1.bias - torch.Size([256]): 
Initialized by user-defined `init_weights` in StreamPETRHead  

pts_bbox_head.transformer.decoder.layers.0.norms.0.weight - torch.Size([256]): 
The value is the same before and after calling `init_weights` of Petr3D  

pts_bbox_head.transformer.decoder.layers.0.norms.0.bias - torch.Size([256]): 
The value is the same before and after calling `init_weights` of Petr3D  

pts_bbox_head.transformer.decoder.layers.0.norms.1.weight - torch.Size([256]): 
The value is the same before and after calling `init_weights` of Petr3D  

pts_bbox_head.transformer.decoder.layers.0.norms.1.bias - torch.Size([256]): 
The value is the same before and after calling `init_weights` of Petr3D  

pts_bbox_head.transformer.decoder.layers.0.norms.2.weight - torch.Size([256]): 
The value is the same before and after calling `init_weights` of Petr3D  

pts_bbox_head.transformer.decoder.layers.0.norms.2.bias - torch.Size([256]): 
The value is the same before and after calling `init_weights` of Petr3D  

pts_bbox_head.transformer.decoder.layers.1.attentions.0.attn.in_proj_weight - torch.Size([768, 256]): 
The value is the same before and after calling `init_weights` of Petr3D  

pts_bbox_head.transformer.decoder.layers.1.attentions.0.attn.in_proj_bias - torch.Size([768]): 
The value is the same before and after calling `init_weights` of Petr3D  

pts_bbox_head.transformer.decoder.layers.1.attentions.0.attn.out_proj.weight - torch.Size([256, 256]): 
Initialized by user-defined `init_weights` in StreamPETRHead  

pts_bbox_head.transformer.decoder.layers.1.attentions.0.attn.out_proj.bias - torch.Size([256]): 
The value is the same before and after calling `init_weights` of Petr3D  

pts_bbox_head.transformer.decoder.layers.1.attentions.1.attn.in_proj_weight - torch.Size([768, 256]): 
The value is the same before and after calling `init_weights` of Petr3D  

pts_bbox_head.transformer.decoder.layers.1.attentions.1.attn.in_proj_bias - torch.Size([768]): 
The value is the same before and after calling `init_weights` of Petr3D  

pts_bbox_head.transformer.decoder.layers.1.attentions.1.attn.out_proj.weight - torch.Size([256, 256]): 
Initialized by user-defined `init_weights` in StreamPETRHead  

pts_bbox_head.transformer.decoder.layers.1.attentions.1.attn.out_proj.bias - torch.Size([256]): 
The value is the same before and after calling `init_weights` of Petr3D  

pts_bbox_head.transformer.decoder.layers.1.ffns.0.layers.0.0.weight - torch.Size([2048, 256]): 
Initialized by user-defined `init_weights` in StreamPETRHead  

pts_bbox_head.transformer.decoder.layers.1.ffns.0.layers.0.0.bias - torch.Size([2048]): 
Initialized by user-defined `init_weights` in StreamPETRHead  

pts_bbox_head.transformer.decoder.layers.1.ffns.0.layers.1.weight - torch.Size([256, 2048]): 
Initialized by user-defined `init_weights` in StreamPETRHead  

pts_bbox_head.transformer.decoder.layers.1.ffns.0.layers.1.bias - torch.Size([256]): 
Initialized by user-defined `init_weights` in StreamPETRHead  

pts_bbox_head.transformer.decoder.layers.1.norms.0.weight - torch.Size([256]): 
The value is the same before and after calling `init_weights` of Petr3D  

pts_bbox_head.transformer.decoder.layers.1.norms.0.bias - torch.Size([256]): 
The value is the same before and after calling `init_weights` of Petr3D  

pts_bbox_head.transformer.decoder.layers.1.norms.1.weight - torch.Size([256]): 
The value is the same before and after calling `init_weights` of Petr3D  

pts_bbox_head.transformer.decoder.layers.1.norms.1.bias - torch.Size([256]): 
The value is the same before and after calling `init_weights` of Petr3D  

pts_bbox_head.transformer.decoder.layers.1.norms.2.weight - torch.Size([256]): 
The value is the same before and after calling `init_weights` of Petr3D  

pts_bbox_head.transformer.decoder.layers.1.norms.2.bias - torch.Size([256]): 
The value is the same before and after calling `init_weights` of Petr3D  

pts_bbox_head.transformer.decoder.layers.2.attentions.0.attn.in_proj_weight - torch.Size([768, 256]): 
The value is the same before and after calling `init_weights` of Petr3D  

pts_bbox_head.transformer.decoder.layers.2.attentions.0.attn.in_proj_bias - torch.Size([768]): 
The value is the same before and after calling `init_weights` of Petr3D  

pts_bbox_head.transformer.decoder.layers.2.attentions.0.attn.out_proj.weight - torch.Size([256, 256]): 
Initialized by user-defined `init_weights` in StreamPETRHead  

pts_bbox_head.transformer.decoder.layers.2.attentions.0.attn.out_proj.bias - torch.Size([256]): 
The value is the same before and after calling `init_weights` of Petr3D  

pts_bbox_head.transformer.decoder.layers.2.attentions.1.attn.in_proj_weight - torch.Size([768, 256]): 
The value is the same before and after calling `init_weights` of Petr3D  

pts_bbox_head.transformer.decoder.layers.2.attentions.1.attn.in_proj_bias - torch.Size([768]): 
The value is the same before and after calling `init_weights` of Petr3D  

pts_bbox_head.transformer.decoder.layers.2.attentions.1.attn.out_proj.weight - torch.Size([256, 256]): 
Initialized by user-defined `init_weights` in StreamPETRHead  

pts_bbox_head.transformer.decoder.layers.2.attentions.1.attn.out_proj.bias - torch.Size([256]): 
The value is the same before and after calling `init_weights` of Petr3D  

pts_bbox_head.transformer.decoder.layers.2.ffns.0.layers.0.0.weight - torch.Size([2048, 256]): 
Initialized by user-defined `init_weights` in StreamPETRHead  

pts_bbox_head.transformer.decoder.layers.2.ffns.0.layers.0.0.bias - torch.Size([2048]): 
Initialized by user-defined `init_weights` in StreamPETRHead  

pts_bbox_head.transformer.decoder.layers.2.ffns.0.layers.1.weight - torch.Size([256, 2048]): 
Initialized by user-defined `init_weights` in StreamPETRHead  

pts_bbox_head.transformer.decoder.layers.2.ffns.0.layers.1.bias - torch.Size([256]): 
Initialized by user-defined `init_weights` in StreamPETRHead  

pts_bbox_head.transformer.decoder.layers.2.norms.0.weight - torch.Size([256]): 
The value is the same before and after calling `init_weights` of Petr3D  

pts_bbox_head.transformer.decoder.layers.2.norms.0.bias - torch.Size([256]): 
The value is the same before and after calling `init_weights` of Petr3D  

pts_bbox_head.transformer.decoder.layers.2.norms.1.weight - torch.Size([256]): 
The value is the same before and after calling `init_weights` of Petr3D  

pts_bbox_head.transformer.decoder.layers.2.norms.1.bias - torch.Size([256]): 
The value is the same before and after calling `init_weights` of Petr3D  

pts_bbox_head.transformer.decoder.layers.2.norms.2.weight - torch.Size([256]): 
The value is the same before and after calling `init_weights` of Petr3D  

pts_bbox_head.transformer.decoder.layers.2.norms.2.bias - torch.Size([256]): 
The value is the same before and after calling `init_weights` of Petr3D  

pts_bbox_head.transformer.decoder.layers.3.attentions.0.attn.in_proj_weight - torch.Size([768, 256]): 
The value is the same before and after calling `init_weights` of Petr3D  

pts_bbox_head.transformer.decoder.layers.3.attentions.0.attn.in_proj_bias - torch.Size([768]): 
The value is the same before and after calling `init_weights` of Petr3D  

pts_bbox_head.transformer.decoder.layers.3.attentions.0.attn.out_proj.weight - torch.Size([256, 256]): 
Initialized by user-defined `init_weights` in StreamPETRHead  

pts_bbox_head.transformer.decoder.layers.3.attentions.0.attn.out_proj.bias - torch.Size([256]): 
The value is the same before and after calling `init_weights` of Petr3D  

pts_bbox_head.transformer.decoder.layers.3.attentions.1.attn.in_proj_weight - torch.Size([768, 256]): 
The value is the same before and after calling `init_weights` of Petr3D  

pts_bbox_head.transformer.decoder.layers.3.attentions.1.attn.in_proj_bias - torch.Size([768]): 
The value is the same before and after calling `init_weights` of Petr3D  

pts_bbox_head.transformer.decoder.layers.3.attentions.1.attn.out_proj.weight - torch.Size([256, 256]): 
Initialized by user-defined `init_weights` in StreamPETRHead  

pts_bbox_head.transformer.decoder.layers.3.attentions.1.attn.out_proj.bias - torch.Size([256]): 
The value is the same before and after calling `init_weights` of Petr3D  

pts_bbox_head.transformer.decoder.layers.3.ffns.0.layers.0.0.weight - torch.Size([2048, 256]): 
Initialized by user-defined `init_weights` in StreamPETRHead  

pts_bbox_head.transformer.decoder.layers.3.ffns.0.layers.0.0.bias - torch.Size([2048]): 
Initialized by user-defined `init_weights` in StreamPETRHead  

pts_bbox_head.transformer.decoder.layers.3.ffns.0.layers.1.weight - torch.Size([256, 2048]): 
Initialized by user-defined `init_weights` in StreamPETRHead  

pts_bbox_head.transformer.decoder.layers.3.ffns.0.layers.1.bias - torch.Size([256]): 
Initialized by user-defined `init_weights` in StreamPETRHead  

pts_bbox_head.transformer.decoder.layers.3.norms.0.weight - torch.Size([256]): 
The value is the same before and after calling `init_weights` of Petr3D  

pts_bbox_head.transformer.decoder.layers.3.norms.0.bias - torch.Size([256]): 
The value is the same before and after calling `init_weights` of Petr3D  

pts_bbox_head.transformer.decoder.layers.3.norms.1.weight - torch.Size([256]): 
The value is the same before and after calling `init_weights` of Petr3D  

pts_bbox_head.transformer.decoder.layers.3.norms.1.bias - torch.Size([256]): 
The value is the same before and after calling `init_weights` of Petr3D  

pts_bbox_head.transformer.decoder.layers.3.norms.2.weight - torch.Size([256]): 
The value is the same before and after calling `init_weights` of Petr3D  

pts_bbox_head.transformer.decoder.layers.3.norms.2.bias - torch.Size([256]): 
The value is the same before and after calling `init_weights` of Petr3D  

pts_bbox_head.transformer.decoder.layers.4.attentions.0.attn.in_proj_weight - torch.Size([768, 256]): 
The value is the same before and after calling `init_weights` of Petr3D  

pts_bbox_head.transformer.decoder.layers.4.attentions.0.attn.in_proj_bias - torch.Size([768]): 
The value is the same before and after calling `init_weights` of Petr3D  

pts_bbox_head.transformer.decoder.layers.4.attentions.0.attn.out_proj.weight - torch.Size([256, 256]): 
Initialized by user-defined `init_weights` in StreamPETRHead  

pts_bbox_head.transformer.decoder.layers.4.attentions.0.attn.out_proj.bias - torch.Size([256]): 
The value is the same before and after calling `init_weights` of Petr3D  

pts_bbox_head.transformer.decoder.layers.4.attentions.1.attn.in_proj_weight - torch.Size([768, 256]): 
The value is the same before and after calling `init_weights` of Petr3D  

pts_bbox_head.transformer.decoder.layers.4.attentions.1.attn.in_proj_bias - torch.Size([768]): 
The value is the same before and after calling `init_weights` of Petr3D  

pts_bbox_head.transformer.decoder.layers.4.attentions.1.attn.out_proj.weight - torch.Size([256, 256]): 
Initialized by user-defined `init_weights` in StreamPETRHead  

pts_bbox_head.transformer.decoder.layers.4.attentions.1.attn.out_proj.bias - torch.Size([256]): 
The value is the same before and after calling `init_weights` of Petr3D  

pts_bbox_head.transformer.decoder.layers.4.ffns.0.layers.0.0.weight - torch.Size([2048, 256]): 
Initialized by user-defined `init_weights` in StreamPETRHead  

pts_bbox_head.transformer.decoder.layers.4.ffns.0.layers.0.0.bias - torch.Size([2048]): 
Initialized by user-defined `init_weights` in StreamPETRHead  

pts_bbox_head.transformer.decoder.layers.4.ffns.0.layers.1.weight - torch.Size([256, 2048]): 
Initialized by user-defined `init_weights` in StreamPETRHead  

pts_bbox_head.transformer.decoder.layers.4.ffns.0.layers.1.bias - torch.Size([256]): 
Initialized by user-defined `init_weights` in StreamPETRHead  

pts_bbox_head.transformer.decoder.layers.4.norms.0.weight - torch.Size([256]): 
The value is the same before and after calling `init_weights` of Petr3D  

pts_bbox_head.transformer.decoder.layers.4.norms.0.bias - torch.Size([256]): 
The value is the same before and after calling `init_weights` of Petr3D  

pts_bbox_head.transformer.decoder.layers.4.norms.1.weight - torch.Size([256]): 
The value is the same before and after calling `init_weights` of Petr3D  

pts_bbox_head.transformer.decoder.layers.4.norms.1.bias - torch.Size([256]): 
The value is the same before and after calling `init_weights` of Petr3D  

pts_bbox_head.transformer.decoder.layers.4.norms.2.weight - torch.Size([256]): 
The value is the same before and after calling `init_weights` of Petr3D  

pts_bbox_head.transformer.decoder.layers.4.norms.2.bias - torch.Size([256]): 
The value is the same before and after calling `init_weights` of Petr3D  

pts_bbox_head.transformer.decoder.layers.5.attentions.0.attn.in_proj_weight - torch.Size([768, 256]): 
The value is the same before and after calling `init_weights` of Petr3D  

pts_bbox_head.transformer.decoder.layers.5.attentions.0.attn.in_proj_bias - torch.Size([768]): 
The value is the same before and after calling `init_weights` of Petr3D  

pts_bbox_head.transformer.decoder.layers.5.attentions.0.attn.out_proj.weight - torch.Size([256, 256]): 
Initialized by user-defined `init_weights` in StreamPETRHead  

pts_bbox_head.transformer.decoder.layers.5.attentions.0.attn.out_proj.bias - torch.Size([256]): 
The value is the same before and after calling `init_weights` of Petr3D  

pts_bbox_head.transformer.decoder.layers.5.attentions.1.attn.in_proj_weight - torch.Size([768, 256]): 
The value is the same before and after calling `init_weights` of Petr3D  

pts_bbox_head.transformer.decoder.layers.5.attentions.1.attn.in_proj_bias - torch.Size([768]): 
The value is the same before and after calling `init_weights` of Petr3D  

pts_bbox_head.transformer.decoder.layers.5.attentions.1.attn.out_proj.weight - torch.Size([256, 256]): 
Initialized by user-defined `init_weights` in StreamPETRHead  

pts_bbox_head.transformer.decoder.layers.5.attentions.1.attn.out_proj.bias - torch.Size([256]): 
The value is the same before and after calling `init_weights` of Petr3D  

pts_bbox_head.transformer.decoder.layers.5.ffns.0.layers.0.0.weight - torch.Size([2048, 256]): 
Initialized by user-defined `init_weights` in StreamPETRHead  

pts_bbox_head.transformer.decoder.layers.5.ffns.0.layers.0.0.bias - torch.Size([2048]): 
Initialized by user-defined `init_weights` in StreamPETRHead  

pts_bbox_head.transformer.decoder.layers.5.ffns.0.layers.1.weight - torch.Size([256, 2048]): 
Initialized by user-defined `init_weights` in StreamPETRHead  

pts_bbox_head.transformer.decoder.layers.5.ffns.0.layers.1.bias - torch.Size([256]): 
Initialized by user-defined `init_weights` in StreamPETRHead  

pts_bbox_head.transformer.decoder.layers.5.norms.0.weight - torch.Size([256]): 
The value is the same before and after calling `init_weights` of Petr3D  

pts_bbox_head.transformer.decoder.layers.5.norms.0.bias - torch.Size([256]): 
The value is the same before and after calling `init_weights` of Petr3D  

pts_bbox_head.transformer.decoder.layers.5.norms.1.weight - torch.Size([256]): 
The value is the same before and after calling `init_weights` of Petr3D  

pts_bbox_head.transformer.decoder.layers.5.norms.1.bias - torch.Size([256]): 
The value is the same before and after calling `init_weights` of Petr3D  

pts_bbox_head.transformer.decoder.layers.5.norms.2.weight - torch.Size([256]): 
The value is the same before and after calling `init_weights` of Petr3D  

pts_bbox_head.transformer.decoder.layers.5.norms.2.bias - torch.Size([256]): 
The value is the same before and after calling `init_weights` of Petr3D  

pts_bbox_head.transformer.decoder.post_norm.weight - torch.Size([256]): 
The value is the same before and after calling `init_weights` of Petr3D  

pts_bbox_head.transformer.decoder.post_norm.bias - torch.Size([256]): 
The value is the same before and after calling `init_weights` of Petr3D  

pts_bbox_head.router.gate.0.weight - torch.Size([256, 256]): 
The value is the same before and after calling `init_weights` of Petr3D  

pts_bbox_head.router.gate.0.bias - torch.Size([256]): 
The value is the same before and after calling `init_weights` of Petr3D  

pts_bbox_head.router.gate.2.weight - torch.Size([4, 256]): 
The value is the same before and after calling `init_weights` of Petr3D  

pts_bbox_head.router.gate.2.bias - torch.Size([4]): 
The value is the same before and after calling `init_weights` of Petr3D  

img_backbone.conv1.weight - torch.Size([64, 3, 7, 7]): 
PretrainedInit: load from torchvision://resnet50 

img_backbone.bn1.weight - torch.Size([64]): 
PretrainedInit: load from torchvision://resnet50 

img_backbone.bn1.bias - torch.Size([64]): 
PretrainedInit: load from torchvision://resnet50 

img_backbone.layer1.0.conv1.weight - torch.Size([64, 64, 1, 1]): 
PretrainedInit: load from torchvision://resnet50 

img_backbone.layer1.0.bn1.weight - torch.Size([64]): 
PretrainedInit: load from torchvision://resnet50 

img_backbone.layer1.0.bn1.bias - torch.Size([64]): 
PretrainedInit: load from torchvision://resnet50 

img_backbone.layer1.0.conv2.weight - torch.Size([64, 64, 3, 3]): 
PretrainedInit: load from torchvision://resnet50 

img_backbone.layer1.0.bn2.weight - torch.Size([64]): 
PretrainedInit: load from torchvision://resnet50 

img_backbone.layer1.0.bn2.bias - torch.Size([64]): 
PretrainedInit: load from torchvision://resnet50 

img_backbone.layer1.0.conv3.weight - torch.Size([256, 64, 1, 1]): 
PretrainedInit: load from torchvision://resnet50 

img_backbone.layer1.0.bn3.weight - torch.Size([256]): 
PretrainedInit: load from torchvision://resnet50 

img_backbone.layer1.0.bn3.bias - torch.Size([256]): 
PretrainedInit: load from torchvision://resnet50 

img_backbone.layer1.0.downsample.0.weight - torch.Size([256, 64, 1, 1]): 
PretrainedInit: load from torchvision://resnet50 

img_backbone.layer1.0.downsample.1.weight - torch.Size([256]): 
PretrainedInit: load from torchvision://resnet50 

img_backbone.layer1.0.downsample.1.bias - torch.Size([256]): 
PretrainedInit: load from torchvision://resnet50 

img_backbone.layer1.1.conv1.weight - torch.Size([64, 256, 1, 1]): 
PretrainedInit: load from torchvision://resnet50 

img_backbone.layer1.1.bn1.weight - torch.Size([64]): 
PretrainedInit: load from torchvision://resnet50 

img_backbone.layer1.1.bn1.bias - torch.Size([64]): 
PretrainedInit: load from torchvision://resnet50 

img_backbone.layer1.1.conv2.weight - torch.Size([64, 64, 3, 3]): 
PretrainedInit: load from torchvision://resnet50 

img_backbone.layer1.1.bn2.weight - torch.Size([64]): 
PretrainedInit: load from torchvision://resnet50 

img_backbone.layer1.1.bn2.bias - torch.Size([64]): 
PretrainedInit: load from torchvision://resnet50 

img_backbone.layer1.1.conv3.weight - torch.Size([256, 64, 1, 1]): 
PretrainedInit: load from torchvision://resnet50 

img_backbone.layer1.1.bn3.weight - torch.Size([256]): 
PretrainedInit: load from torchvision://resnet50 

img_backbone.layer1.1.bn3.bias - torch.Size([256]): 
PretrainedInit: load from torchvision://resnet50 

img_backbone.layer1.2.conv1.weight - torch.Size([64, 256, 1, 1]): 
PretrainedInit: load from torchvision://resnet50 

img_backbone.layer1.2.bn1.weight - torch.Size([64]): 
PretrainedInit: load from torchvision://resnet50 

img_backbone.layer1.2.bn1.bias - torch.Size([64]): 
PretrainedInit: load from torchvision://resnet50 

img_backbone.layer1.2.conv2.weight - torch.Size([64, 64, 3, 3]): 
PretrainedInit: load from torchvision://resnet50 

img_backbone.layer1.2.bn2.weight - torch.Size([64]): 
PretrainedInit: load from torchvision://resnet50 

img_backbone.layer1.2.bn2.bias - torch.Size([64]): 
PretrainedInit: load from torchvision://resnet50 

img_backbone.layer1.2.conv3.weight - torch.Size([256, 64, 1, 1]): 
PretrainedInit: load from torchvision://resnet50 

img_backbone.layer1.2.bn3.weight - torch.Size([256]): 
PretrainedInit: load from torchvision://resnet50 

img_backbone.layer1.2.bn3.bias - torch.Size([256]): 
PretrainedInit: load from torchvision://resnet50 

img_backbone.layer2.0.conv1.weight - torch.Size([128, 256, 1, 1]): 
PretrainedInit: load from torchvision://resnet50 

img_backbone.layer2.0.bn1.weight - torch.Size([128]): 
PretrainedInit: load from torchvision://resnet50 

img_backbone.layer2.0.bn1.bias - torch.Size([128]): 
PretrainedInit: load from torchvision://resnet50 

img_backbone.layer2.0.conv2.weight - torch.Size([128, 128, 3, 3]): 
PretrainedInit: load from torchvision://resnet50 

img_backbone.layer2.0.bn2.weight - torch.Size([128]): 
PretrainedInit: load from torchvision://resnet50 

img_backbone.layer2.0.bn2.bias - torch.Size([128]): 
PretrainedInit: load from torchvision://resnet50 

img_backbone.layer2.0.conv3.weight - torch.Size([512, 128, 1, 1]): 
PretrainedInit: load from torchvision://resnet50 

img_backbone.layer2.0.bn3.weight - torch.Size([512]): 
PretrainedInit: load from torchvision://resnet50 

img_backbone.layer2.0.bn3.bias - torch.Size([512]): 
PretrainedInit: load from torchvision://resnet50 

img_backbone.layer2.0.downsample.0.weight - torch.Size([512, 256, 1, 1]): 
PretrainedInit: load from torchvision://resnet50 

img_backbone.layer2.0.downsample.1.weight - torch.Size([512]): 
PretrainedInit: load from torchvision://resnet50 

img_backbone.layer2.0.downsample.1.bias - torch.Size([512]): 
PretrainedInit: load from torchvision://resnet50 

img_backbone.layer2.1.conv1.weight - torch.Size([128, 512, 1, 1]): 
PretrainedInit: load from torchvision://resnet50 

img_backbone.layer2.1.bn1.weight - torch.Size([128]): 
PretrainedInit: load from torchvision://resnet50 

img_backbone.layer2.1.bn1.bias - torch.Size([128]): 
PretrainedInit: load from torchvision://resnet50 

img_backbone.layer2.1.conv2.weight - torch.Size([128, 128, 3, 3]): 
PretrainedInit: load from torchvision://resnet50 

img_backbone.layer2.1.bn2.weight - torch.Size([128]): 
PretrainedInit: load from torchvision://resnet50 

img_backbone.layer2.1.bn2.bias - torch.Size([128]): 
PretrainedInit: load from torchvision://resnet50 

img_backbone.layer2.1.conv3.weight - torch.Size([512, 128, 1, 1]): 
PretrainedInit: load from torchvision://resnet50 

img_backbone.layer2.1.bn3.weight - torch.Size([512]): 
PretrainedInit: load from torchvision://resnet50 

img_backbone.layer2.1.bn3.bias - torch.Size([512]): 
PretrainedInit: load from torchvision://resnet50 

img_backbone.layer2.2.conv1.weight - torch.Size([128, 512, 1, 1]): 
PretrainedInit: load from torchvision://resnet50 

img_backbone.layer2.2.bn1.weight - torch.Size([128]): 
PretrainedInit: load from torchvision://resnet50 

img_backbone.layer2.2.bn1.bias - torch.Size([128]): 
PretrainedInit: load from torchvision://resnet50 

img_backbone.layer2.2.conv2.weight - torch.Size([128, 128, 3, 3]): 
PretrainedInit: load from torchvision://resnet50 

img_backbone.layer2.2.bn2.weight - torch.Size([128]): 
PretrainedInit: load from torchvision://resnet50 

img_backbone.layer2.2.bn2.bias - torch.Size([128]): 
PretrainedInit: load from torchvision://resnet50 

img_backbone.layer2.2.conv3.weight - torch.Size([512, 128, 1, 1]): 
PretrainedInit: load from torchvision://resnet50 

img_backbone.layer2.2.bn3.weight - torch.Size([512]): 
PretrainedInit: load from torchvision://resnet50 

img_backbone.layer2.2.bn3.bias - torch.Size([512]): 
PretrainedInit: load from torchvision://resnet50 

img_backbone.layer2.3.conv1.weight - torch.Size([128, 512, 1, 1]): 
PretrainedInit: load from torchvision://resnet50 

img_backbone.layer2.3.bn1.weight - torch.Size([128]): 
PretrainedInit: load from torchvision://resnet50 

img_backbone.layer2.3.bn1.bias - torch.Size([128]): 
PretrainedInit: load from torchvision://resnet50 

img_backbone.layer2.3.conv2.weight - torch.Size([128, 128, 3, 3]): 
PretrainedInit: load from torchvision://resnet50 

img_backbone.layer2.3.bn2.weight - torch.Size([128]): 
PretrainedInit: load from torchvision://resnet50 

img_backbone.layer2.3.bn2.bias - torch.Size([128]): 
PretrainedInit: load from torchvision://resnet50 

img_backbone.layer2.3.conv3.weight - torch.Size([512, 128, 1, 1]): 
PretrainedInit: load from torchvision://resnet50 

img_backbone.layer2.3.bn3.weight - torch.Size([512]): 
PretrainedInit: load from torchvision://resnet50 

img_backbone.layer2.3.bn3.bias - torch.Size([512]): 
PretrainedInit: load from torchvision://resnet50 

img_backbone.layer3.0.conv1.weight - torch.Size([256, 512, 1, 1]): 
PretrainedInit: load from torchvision://resnet50 

img_backbone.layer3.0.bn1.weight - torch.Size([256]): 
PretrainedInit: load from torchvision://resnet50 

img_backbone.layer3.0.bn1.bias - torch.Size([256]): 
PretrainedInit: load from torchvision://resnet50 

img_backbone.layer3.0.conv2.weight - torch.Size([256, 256, 3, 3]): 
PretrainedInit: load from torchvision://resnet50 

img_backbone.layer3.0.bn2.weight - torch.Size([256]): 
PretrainedInit: load from torchvision://resnet50 

img_backbone.layer3.0.bn2.bias - torch.Size([256]): 
PretrainedInit: load from torchvision://resnet50 

img_backbone.layer3.0.conv3.weight - torch.Size([1024, 256, 1, 1]): 
PretrainedInit: load from torchvision://resnet50 

img_backbone.layer3.0.bn3.weight - torch.Size([1024]): 
PretrainedInit: load from torchvision://resnet50 

img_backbone.layer3.0.bn3.bias - torch.Size([1024]): 
PretrainedInit: load from torchvision://resnet50 

img_backbone.layer3.0.downsample.0.weight - torch.Size([1024, 512, 1, 1]): 
PretrainedInit: load from torchvision://resnet50 

img_backbone.layer3.0.downsample.1.weight - torch.Size([1024]): 
PretrainedInit: load from torchvision://resnet50 

img_backbone.layer3.0.downsample.1.bias - torch.Size([1024]): 
PretrainedInit: load from torchvision://resnet50 

img_backbone.layer3.1.conv1.weight - torch.Size([256, 1024, 1, 1]): 
PretrainedInit: load from torchvision://resnet50 

img_backbone.layer3.1.bn1.weight - torch.Size([256]): 
PretrainedInit: load from torchvision://resnet50 

img_backbone.layer3.1.bn1.bias - torch.Size([256]): 
PretrainedInit: load from torchvision://resnet50 

img_backbone.layer3.1.conv2.weight - torch.Size([256, 256, 3, 3]): 
PretrainedInit: load from torchvision://resnet50 

img_backbone.layer3.1.bn2.weight - torch.Size([256]): 
PretrainedInit: load from torchvision://resnet50 

img_backbone.layer3.1.bn2.bias - torch.Size([256]): 
PretrainedInit: load from torchvision://resnet50 

img_backbone.layer3.1.conv3.weight - torch.Size([1024, 256, 1, 1]): 
PretrainedInit: load from torchvision://resnet50 

img_backbone.layer3.1.bn3.weight - torch.Size([1024]): 
PretrainedInit: load from torchvision://resnet50 

img_backbone.layer3.1.bn3.bias - torch.Size([1024]): 
PretrainedInit: load from torchvision://resnet50 

img_backbone.layer3.2.conv1.weight - torch.Size([256, 1024, 1, 1]): 
PretrainedInit: load from torchvision://resnet50 

img_backbone.layer3.2.bn1.weight - torch.Size([256]): 
PretrainedInit: load from torchvision://resnet50 

img_backbone.layer3.2.bn1.bias - torch.Size([256]): 
PretrainedInit: load from torchvision://resnet50 

img_backbone.layer3.2.conv2.weight - torch.Size([256, 256, 3, 3]): 
PretrainedInit: load from torchvision://resnet50 

img_backbone.layer3.2.bn2.weight - torch.Size([256]): 
PretrainedInit: load from torchvision://resnet50 

img_backbone.layer3.2.bn2.bias - torch.Size([256]): 
PretrainedInit: load from torchvision://resnet50 

img_backbone.layer3.2.conv3.weight - torch.Size([1024, 256, 1, 1]): 
PretrainedInit: load from torchvision://resnet50 

img_backbone.layer3.2.bn3.weight - torch.Size([1024]): 
PretrainedInit: load from torchvision://resnet50 

img_backbone.layer3.2.bn3.bias - torch.Size([1024]): 
PretrainedInit: load from torchvision://resnet50 

img_backbone.layer3.3.conv1.weight - torch.Size([256, 1024, 1, 1]): 
PretrainedInit: load from torchvision://resnet50 

img_backbone.layer3.3.bn1.weight - torch.Size([256]): 
PretrainedInit: load from torchvision://resnet50 

img_backbone.layer3.3.bn1.bias - torch.Size([256]): 
PretrainedInit: load from torchvision://resnet50 

img_backbone.layer3.3.conv2.weight - torch.Size([256, 256, 3, 3]): 
PretrainedInit: load from torchvision://resnet50 

img_backbone.layer3.3.bn2.weight - torch.Size([256]): 
PretrainedInit: load from torchvision://resnet50 

img_backbone.layer3.3.bn2.bias - torch.Size([256]): 
PretrainedInit: load from torchvision://resnet50 

img_backbone.layer3.3.conv3.weight - torch.Size([1024, 256, 1, 1]): 
PretrainedInit: load from torchvision://resnet50 

img_backbone.layer3.3.bn3.weight - torch.Size([1024]): 
PretrainedInit: load from torchvision://resnet50 

img_backbone.layer3.3.bn3.bias - torch.Size([1024]): 
PretrainedInit: load from torchvision://resnet50 

img_backbone.layer3.4.conv1.weight - torch.Size([256, 1024, 1, 1]): 
PretrainedInit: load from torchvision://resnet50 

img_backbone.layer3.4.bn1.weight - torch.Size([256]): 
PretrainedInit: load from torchvision://resnet50 

img_backbone.layer3.4.bn1.bias - torch.Size([256]): 
PretrainedInit: load from torchvision://resnet50 

img_backbone.layer3.4.conv2.weight - torch.Size([256, 256, 3, 3]): 
PretrainedInit: load from torchvision://resnet50 

img_backbone.layer3.4.bn2.weight - torch.Size([256]): 
PretrainedInit: load from torchvision://resnet50 

img_backbone.layer3.4.bn2.bias - torch.Size([256]): 
PretrainedInit: load from torchvision://resnet50 

img_backbone.layer3.4.conv3.weight - torch.Size([1024, 256, 1, 1]): 
PretrainedInit: load from torchvision://resnet50 

img_backbone.layer3.4.bn3.weight - torch.Size([1024]): 
PretrainedInit: load from torchvision://resnet50 

img_backbone.layer3.4.bn3.bias - torch.Size([1024]): 
PretrainedInit: load from torchvision://resnet50 

img_backbone.layer3.5.conv1.weight - torch.Size([256, 1024, 1, 1]): 
PretrainedInit: load from torchvision://resnet50 

img_backbone.layer3.5.bn1.weight - torch.Size([256]): 
PretrainedInit: load from torchvision://resnet50 

img_backbone.layer3.5.bn1.bias - torch.Size([256]): 
PretrainedInit: load from torchvision://resnet50 

img_backbone.layer3.5.conv2.weight - torch.Size([256, 256, 3, 3]): 
PretrainedInit: load from torchvision://resnet50 

img_backbone.layer3.5.bn2.weight - torch.Size([256]): 
PretrainedInit: load from torchvision://resnet50 

img_backbone.layer3.5.bn2.bias - torch.Size([256]): 
PretrainedInit: load from torchvision://resnet50 

img_backbone.layer3.5.conv3.weight - torch.Size([1024, 256, 1, 1]): 
PretrainedInit: load from torchvision://resnet50 

img_backbone.layer3.5.bn3.weight - torch.Size([1024]): 
PretrainedInit: load from torchvision://resnet50 

img_backbone.layer3.5.bn3.bias - torch.Size([1024]): 
PretrainedInit: load from torchvision://resnet50 

img_backbone.layer4.0.conv1.weight - torch.Size([512, 1024, 1, 1]): 
PretrainedInit: load from torchvision://resnet50 

img_backbone.layer4.0.bn1.weight - torch.Size([512]): 
PretrainedInit: load from torchvision://resnet50 

img_backbone.layer4.0.bn1.bias - torch.Size([512]): 
PretrainedInit: load from torchvision://resnet50 

img_backbone.layer4.0.conv2.weight - torch.Size([512, 512, 3, 3]): 
PretrainedInit: load from torchvision://resnet50 

img_backbone.layer4.0.bn2.weight - torch.Size([512]): 
PretrainedInit: load from torchvision://resnet50 

img_backbone.layer4.0.bn2.bias - torch.Size([512]): 
PretrainedInit: load from torchvision://resnet50 

img_backbone.layer4.0.conv3.weight - torch.Size([2048, 512, 1, 1]): 
PretrainedInit: load from torchvision://resnet50 

img_backbone.layer4.0.bn3.weight - torch.Size([2048]): 
PretrainedInit: load from torchvision://resnet50 

img_backbone.layer4.0.bn3.bias - torch.Size([2048]): 
PretrainedInit: load from torchvision://resnet50 

img_backbone.layer4.0.downsample.0.weight - torch.Size([2048, 1024, 1, 1]): 
PretrainedInit: load from torchvision://resnet50 

img_backbone.layer4.0.downsample.1.weight - torch.Size([2048]): 
PretrainedInit: load from torchvision://resnet50 

img_backbone.layer4.0.downsample.1.bias - torch.Size([2048]): 
PretrainedInit: load from torchvision://resnet50 

img_backbone.layer4.1.conv1.weight - torch.Size([512, 2048, 1, 1]): 
PretrainedInit: load from torchvision://resnet50 

img_backbone.layer4.1.bn1.weight - torch.Size([512]): 
PretrainedInit: load from torchvision://resnet50 

img_backbone.layer4.1.bn1.bias - torch.Size([512]): 
PretrainedInit: load from torchvision://resnet50 

img_backbone.layer4.1.conv2.weight - torch.Size([512, 512, 3, 3]): 
PretrainedInit: load from torchvision://resnet50 

img_backbone.layer4.1.bn2.weight - torch.Size([512]): 
PretrainedInit: load from torchvision://resnet50 

img_backbone.layer4.1.bn2.bias - torch.Size([512]): 
PretrainedInit: load from torchvision://resnet50 

img_backbone.layer4.1.conv3.weight - torch.Size([2048, 512, 1, 1]): 
PretrainedInit: load from torchvision://resnet50 

img_backbone.layer4.1.bn3.weight - torch.Size([2048]): 
PretrainedInit: load from torchvision://resnet50 

img_backbone.layer4.1.bn3.bias - torch.Size([2048]): 
PretrainedInit: load from torchvision://resnet50 

img_backbone.layer4.2.conv1.weight - torch.Size([512, 2048, 1, 1]): 
PretrainedInit: load from torchvision://resnet50 

img_backbone.layer4.2.bn1.weight - torch.Size([512]): 
PretrainedInit: load from torchvision://resnet50 

img_backbone.layer4.2.bn1.bias - torch.Size([512]): 
PretrainedInit: load from torchvision://resnet50 

img_backbone.layer4.2.conv2.weight - torch.Size([512, 512, 3, 3]): 
PretrainedInit: load from torchvision://resnet50 

img_backbone.layer4.2.bn2.weight - torch.Size([512]): 
PretrainedInit: load from torchvision://resnet50 

img_backbone.layer4.2.bn2.bias - torch.Size([512]): 
PretrainedInit: load from torchvision://resnet50 

img_backbone.layer4.2.conv3.weight - torch.Size([2048, 512, 1, 1]): 
PretrainedInit: load from torchvision://resnet50 

img_backbone.layer4.2.bn3.weight - torch.Size([2048]): 
PretrainedInit: load from torchvision://resnet50 

img_backbone.layer4.2.bn3.bias - torch.Size([2048]): 
PretrainedInit: load from torchvision://resnet50 

img_neck.lateral_convs.0.conv.weight - torch.Size([256, 512, 1, 1]): 
XavierInit: gain=1, distribution=uniform, bias=0 

img_neck.lateral_convs.0.conv.bias - torch.Size([256]): 
The value is the same before and after calling `init_weights` of Petr3D  

img_neck.lateral_convs.1.conv.weight - torch.Size([256, 1024, 1, 1]): 
XavierInit: gain=1, distribution=uniform, bias=0 

img_neck.lateral_convs.1.conv.bias - torch.Size([256]): 
The value is the same before and after calling `init_weights` of Petr3D  

img_neck.lateral_convs.2.conv.weight - torch.Size([256, 2048, 1, 1]): 
XavierInit: gain=1, distribution=uniform, bias=0 

img_neck.lateral_convs.2.conv.bias - torch.Size([256]): 
The value is the same before and after calling `init_weights` of Petr3D  

img_neck.fpn_convs.0.conv.weight - torch.Size([256, 256, 3, 3]): 
XavierInit: gain=1, distribution=uniform, bias=0 

img_neck.fpn_convs.0.conv.bias - torch.Size([256]): 
The value is the same before and after calling `init_weights` of Petr3D  

img_roi_head.cls.weight - torch.Size([10, 256, 1, 1]): 
The value is the same before and after calling `init_weights` of Petr3D  

img_roi_head.cls.bias - torch.Size([10]): 
The value is the same before and after calling `init_weights` of Petr3D  

img_roi_head.shared_reg.0.weight - torch.Size([256, 256, 3, 3]): 
The value is the same before and after calling `init_weights` of Petr3D  

img_roi_head.shared_reg.0.bias - torch.Size([256]): 
The value is the same before and after calling `init_weights` of Petr3D  

img_roi_head.shared_reg.1.weight - torch.Size([256]): 
The value is the same before and after calling `init_weights` of Petr3D  

img_roi_head.shared_reg.1.bias - torch.Size([256]): 
The value is the same before and after calling `init_weights` of Petr3D  

img_roi_head.shared_cls.0.weight - torch.Size([256, 256, 3, 3]): 
The value is the same before and after calling `init_weights` of Petr3D  

img_roi_head.shared_cls.0.bias - torch.Size([256]): 
The value is the same before and after calling `init_weights` of Petr3D  

img_roi_head.shared_cls.1.weight - torch.Size([256]): 
The value is the same before and after calling `init_weights` of Petr3D  

img_roi_head.shared_cls.1.bias - torch.Size([256]): 
The value is the same before and after calling `init_weights` of Petr3D  

img_roi_head.centerness.weight - torch.Size([1, 256, 1, 1]): 
The value is the same before and after calling `init_weights` of Petr3D  

img_roi_head.centerness.bias - torch.Size([1]): 
The value is the same before and after calling `init_weights` of Petr3D  

img_roi_head.ltrb.weight - torch.Size([4, 256, 1, 1]): 
The value is the same before and after calling `init_weights` of Petr3D  

img_roi_head.ltrb.bias - torch.Size([4]): 
The value is the same before and after calling `init_weights` of Petr3D  

img_roi_head.center2d.weight - torch.Size([2, 256, 1, 1]): 
The value is the same before and after calling `init_weights` of Petr3D  

img_roi_head.center2d.bias - torch.Size([2]): 
The value is the same before and after calling `init_weights` of Petr3D  
2026-01-06 14:30:07,627 - mmdet - INFO - Model:
Petr3D(
  (pts_bbox_head): StreamPETRHead(
    (loss_cls): FocalLoss()
    (loss_bbox): L1Loss()
    (cls_branches): ModuleList(
      (0): Sequential(
        (0): Linear(in_features=256, out_features=256, bias=True)
        (1): LayerNorm((256,), eps=1e-05, elementwise_affine=True)
        (2): ReLU(inplace=True)
        (3): Linear(in_features=256, out_features=256, bias=True)
        (4): LayerNorm((256,), eps=1e-05, elementwise_affine=True)
        (5): ReLU(inplace=True)
        (6): Linear(in_features=256, out_features=10, bias=True)
      )
      (1): Sequential(
        (0): Linear(in_features=256, out_features=256, bias=True)
        (1): LayerNorm((256,), eps=1e-05, elementwise_affine=True)
        (2): ReLU(inplace=True)
        (3): Linear(in_features=256, out_features=256, bias=True)
        (4): LayerNorm((256,), eps=1e-05, elementwise_affine=True)
        (5): ReLU(inplace=True)
        (6): Linear(in_features=256, out_features=10, bias=True)
      )
      (2): Sequential(
        (0): Linear(in_features=256, out_features=256, bias=True)
        (1): LayerNorm((256,), eps=1e-05, elementwise_affine=True)
        (2): ReLU(inplace=True)
        (3): Linear(in_features=256, out_features=256, bias=True)
        (4): LayerNorm((256,), eps=1e-05, elementwise_affine=True)
        (5): ReLU(inplace=True)
        (6): Linear(in_features=256, out_features=10, bias=True)
      )
      (3): Sequential(
        (0): Linear(in_features=256, out_features=256, bias=True)
        (1): LayerNorm((256,), eps=1e-05, elementwise_affine=True)
        (2): ReLU(inplace=True)
        (3): Linear(in_features=256, out_features=256, bias=True)
        (4): LayerNorm((256,), eps=1e-05, elementwise_affine=True)
        (5): ReLU(inplace=True)
        (6): Linear(in_features=256, out_features=10, bias=True)
      )
      (4): Sequential(
        (0): Linear(in_features=256, out_features=256, bias=True)
        (1): LayerNorm((256,), eps=1e-05, elementwise_affine=True)
        (2): ReLU(inplace=True)
        (3): Linear(in_features=256, out_features=256, bias=True)
        (4): LayerNorm((256,), eps=1e-05, elementwise_affine=True)
        (5): ReLU(inplace=True)
        (6): Linear(in_features=256, out_features=10, bias=True)
      )
      (5): Sequential(
        (0): Linear(in_features=256, out_features=256, bias=True)
        (1): LayerNorm((256,), eps=1e-05, elementwise_affine=True)
        (2): ReLU(inplace=True)
        (3): Linear(in_features=256, out_features=256, bias=True)
        (4): LayerNorm((256,), eps=1e-05, elementwise_affine=True)
        (5): ReLU(inplace=True)
        (6): Linear(in_features=256, out_features=10, bias=True)
      )
    )
    (reg_branches): ModuleList(
      (0): Sequential(
        (0): Linear(in_features=256, out_features=256, bias=True)
        (1): ReLU()
        (2): Linear(in_features=256, out_features=256, bias=True)
        (3): ReLU()
        (4): Linear(in_features=256, out_features=10, bias=True)
      )
      (1): Sequential(
        (0): Linear(in_features=256, out_features=256, bias=True)
        (1): ReLU()
        (2): Linear(in_features=256, out_features=256, bias=True)
        (3): ReLU()
        (4): Linear(in_features=256, out_features=10, bias=True)
      )
      (2): Sequential(
        (0): Linear(in_features=256, out_features=256, bias=True)
        (1): ReLU()
        (2): Linear(in_features=256, out_features=256, bias=True)
        (3): ReLU()
        (4): Linear(in_features=256, out_features=10, bias=True)
      )
      (3): Sequential(
        (0): Linear(in_features=256, out_features=256, bias=True)
        (1): ReLU()
        (2): Linear(in_features=256, out_features=256, bias=True)
        (3): ReLU()
        (4): Linear(in_features=256, out_features=10, bias=True)
      )
      (4): Sequential(
        (0): Linear(in_features=256, out_features=256, bias=True)
        (1): ReLU()
        (2): Linear(in_features=256, out_features=256, bias=True)
        (3): ReLU()
        (4): Linear(in_features=256, out_features=10, bias=True)
      )
      (5): Sequential(
        (0): Linear(in_features=256, out_features=256, bias=True)
        (1): ReLU()
        (2): Linear(in_features=256, out_features=256, bias=True)
        (3): ReLU()
        (4): Linear(in_features=256, out_features=10, bias=True)
      )
    )
    (position_encoder): Sequential(
      (0): Linear(in_features=192, out_features=1024, bias=True)
      (1): ReLU()
      (2): Linear(in_features=1024, out_features=256, bias=True)
    )
    (memory_embed): Sequential(
      (0): Linear(in_features=256, out_features=256, bias=True)
      (1): ReLU()
      (2): Linear(in_features=256, out_features=256, bias=True)
    )
    (featurized_pe): SELayer_Linear(
      (conv_reduce): Linear(in_features=256, out_features=256, bias=True)
      (act1): ReLU()
      (conv_expand): Linear(in_features=256, out_features=256, bias=True)
      (gate): Sigmoid()
    )
    (reference_points): Embedding(644, 3)
    (pseudo_reference_points): Embedding(256, 3)
    (query_embedding): Sequential(
      (0): Linear(in_features=384, out_features=256, bias=True)
      (1): ReLU()
      (2): Linear(in_features=256, out_features=256, bias=True)
    )
    (spatial_alignment): MLN(
      (reduce): Sequential(
        (0): Linear(in_features=8, out_features=256, bias=True)
        (1): ReLU()
      )
      (gamma): Linear(in_features=256, out_features=256, bias=True)
      (beta): Linear(in_features=256, out_features=256, bias=True)
      (ln): LayerNorm((256,), eps=1e-05, elementwise_affine=False)
    )
    (time_embedding): Sequential(
      (0): Linear(in_features=256, out_features=256, bias=True)
      (1): LayerNorm((256,), eps=1e-05, elementwise_affine=True)
    )
    (ego_pose_pe): MLN(
      (reduce): Sequential(
        (0): Linear(in_features=180, out_features=256, bias=True)
        (1): ReLU()
      )
      (gamma): Linear(in_features=256, out_features=256, bias=True)
      (beta): Linear(in_features=256, out_features=256, bias=True)
      (ln): LayerNorm((256,), eps=1e-05, elementwise_affine=False)
    )
    (ego_pose_memory): MLN(
      (reduce): Sequential(
        (0): Linear(in_features=180, out_features=256, bias=True)
        (1): ReLU()
      )
      (gamma): Linear(in_features=256, out_features=256, bias=True)
      (beta): Linear(in_features=256, out_features=256, bias=True)
      (ln): LayerNorm((256,), eps=1e-05, elementwise_affine=False)
    )
    (loss_iou): GIoULoss()
    (transformer): PETRTemporalTransformer(
      (decoder): PETRTransformerDecoder(
        (layers): ModuleList(
          (0): PETRTemporalDecoderLayer(
            (attentions): ModuleList(
              (0): MultiheadAttention(
                (attn): MultiheadAttention(
                  (out_proj): NonDynamicallyQuantizableLinear(in_features=256, out_features=256, bias=True)
                )
                (proj_drop): Dropout(p=0.0, inplace=False)
                (dropout_layer): Dropout(p=0.1, inplace=False)
              )
              (1): PETRMultiheadFlashAttention(
                (attn): FlashMHA(
                  (inner_attn): FlashAttention()
                  (out_proj): Linear(in_features=256, out_features=256, bias=True)
                )
                (proj_drop): Dropout(p=0.0, inplace=False)
                (dropout_layer): Dropout(p=0.1, inplace=False)
              )
            )
            (ffns): ModuleList(
              (0): FFN(
                (activate): ReLU(inplace=True)
                (layers): Sequential(
                  (0): Sequential(
                    (0): Linear(in_features=256, out_features=2048, bias=True)
                    (1): ReLU(inplace=True)
                    (2): Dropout(p=0.1, inplace=False)
                  )
                  (1): Linear(in_features=2048, out_features=256, bias=True)
                  (2): Dropout(p=0.1, inplace=False)
                )
                (dropout_layer): Identity()
              )
            )
            (norms): ModuleList(
              (0): LayerNorm((256,), eps=1e-05, elementwise_affine=True)
              (1): LayerNorm((256,), eps=1e-05, elementwise_affine=True)
              (2): LayerNorm((256,), eps=1e-05, elementwise_affine=True)
            )
          )
          (1): PETRTemporalDecoderLayer(
            (attentions): ModuleList(
              (0): MultiheadAttention(
                (attn): MultiheadAttention(
                  (out_proj): NonDynamicallyQuantizableLinear(in_features=256, out_features=256, bias=True)
                )
                (proj_drop): Dropout(p=0.0, inplace=False)
                (dropout_layer): Dropout(p=0.1, inplace=False)
              )
              (1): PETRMultiheadFlashAttention(
                (attn): FlashMHA(
                  (inner_attn): FlashAttention()
                  (out_proj): Linear(in_features=256, out_features=256, bias=True)
                )
                (proj_drop): Dropout(p=0.0, inplace=False)
                (dropout_layer): Dropout(p=0.1, inplace=False)
              )
            )
            (ffns): ModuleList(
              (0): FFN(
                (activate): ReLU(inplace=True)
                (layers): Sequential(
                  (0): Sequential(
                    (0): Linear(in_features=256, out_features=2048, bias=True)
                    (1): ReLU(inplace=True)
                    (2): Dropout(p=0.1, inplace=False)
                  )
                  (1): Linear(in_features=2048, out_features=256, bias=True)
                  (2): Dropout(p=0.1, inplace=False)
                )
                (dropout_layer): Identity()
              )
            )
            (norms): ModuleList(
              (0): LayerNorm((256,), eps=1e-05, elementwise_affine=True)
              (1): LayerNorm((256,), eps=1e-05, elementwise_affine=True)
              (2): LayerNorm((256,), eps=1e-05, elementwise_affine=True)
            )
          )
          (2): PETRTemporalDecoderLayer(
            (attentions): ModuleList(
              (0): MultiheadAttention(
                (attn): MultiheadAttention(
                  (out_proj): NonDynamicallyQuantizableLinear(in_features=256, out_features=256, bias=True)
                )
                (proj_drop): Dropout(p=0.0, inplace=False)
                (dropout_layer): Dropout(p=0.1, inplace=False)
              )
              (1): PETRMultiheadFlashAttention(
                (attn): FlashMHA(
                  (inner_attn): FlashAttention()
                  (out_proj): Linear(in_features=256, out_features=256, bias=True)
                )
                (proj_drop): Dropout(p=0.0, inplace=False)
                (dropout_layer): Dropout(p=0.1, inplace=False)
              )
            )
            (ffns): ModuleList(
              (0): FFN(
                (activate): ReLU(inplace=True)
                (layers): Sequential(
                  (0): Sequential(
                    (0): Linear(in_features=256, out_features=2048, bias=True)
                    (1): ReLU(inplace=True)
                    (2): Dropout(p=0.1, inplace=False)
                  )
                  (1): Linear(in_features=2048, out_features=256, bias=True)
                  (2): Dropout(p=0.1, inplace=False)
                )
                (dropout_layer): Identity()
              )
            )
            (norms): ModuleList(
              (0): LayerNorm((256,), eps=1e-05, elementwise_affine=True)
              (1): LayerNorm((256,), eps=1e-05, elementwise_affine=True)
              (2): LayerNorm((256,), eps=1e-05, elementwise_affine=True)
            )
          )
          (3): PETRTemporalDecoderLayer(
            (attentions): ModuleList(
              (0): MultiheadAttention(
                (attn): MultiheadAttention(
                  (out_proj): NonDynamicallyQuantizableLinear(in_features=256, out_features=256, bias=True)
                )
                (proj_drop): Dropout(p=0.0, inplace=False)
                (dropout_layer): Dropout(p=0.1, inplace=False)
              )
              (1): PETRMultiheadFlashAttention(
                (attn): FlashMHA(
                  (inner_attn): FlashAttention()
                  (out_proj): Linear(in_features=256, out_features=256, bias=True)
                )
                (proj_drop): Dropout(p=0.0, inplace=False)
                (dropout_layer): Dropout(p=0.1, inplace=False)
              )
            )
            (ffns): ModuleList(
              (0): FFN(
                (activate): ReLU(inplace=True)
                (layers): Sequential(
                  (0): Sequential(
                    (0): Linear(in_features=256, out_features=2048, bias=True)
                    (1): ReLU(inplace=True)
                    (2): Dropout(p=0.1, inplace=False)
                  )
                  (1): Linear(in_features=2048, out_features=256, bias=True)
                  (2): Dropout(p=0.1, inplace=False)
                )
                (dropout_layer): Identity()
              )
            )
            (norms): ModuleList(
              (0): LayerNorm((256,), eps=1e-05, elementwise_affine=True)
              (1): LayerNorm((256,), eps=1e-05, elementwise_affine=True)
              (2): LayerNorm((256,), eps=1e-05, elementwise_affine=True)
            )
          )
          (4): PETRTemporalDecoderLayer(
            (attentions): ModuleList(
              (0): MultiheadAttention(
                (attn): MultiheadAttention(
                  (out_proj): NonDynamicallyQuantizableLinear(in_features=256, out_features=256, bias=True)
                )
                (proj_drop): Dropout(p=0.0, inplace=False)
                (dropout_layer): Dropout(p=0.1, inplace=False)
              )
              (1): PETRMultiheadFlashAttention(
                (attn): FlashMHA(
                  (inner_attn): FlashAttention()
                  (out_proj): Linear(in_features=256, out_features=256, bias=True)
                )
                (proj_drop): Dropout(p=0.0, inplace=False)
                (dropout_layer): Dropout(p=0.1, inplace=False)
              )
            )
            (ffns): ModuleList(
              (0): FFN(
                (activate): ReLU(inplace=True)
                (layers): Sequential(
                  (0): Sequential(
                    (0): Linear(in_features=256, out_features=2048, bias=True)
                    (1): ReLU(inplace=True)
                    (2): Dropout(p=0.1, inplace=False)
                  )
                  (1): Linear(in_features=2048, out_features=256, bias=True)
                  (2): Dropout(p=0.1, inplace=False)
                )
                (dropout_layer): Identity()
              )
            )
            (norms): ModuleList(
              (0): LayerNorm((256,), eps=1e-05, elementwise_affine=True)
              (1): LayerNorm((256,), eps=1e-05, elementwise_affine=True)
              (2): LayerNorm((256,), eps=1e-05, elementwise_affine=True)
            )
          )
          (5): PETRTemporalDecoderLayer(
            (attentions): ModuleList(
              (0): MultiheadAttention(
                (attn): MultiheadAttention(
                  (out_proj): NonDynamicallyQuantizableLinear(in_features=256, out_features=256, bias=True)
                )
                (proj_drop): Dropout(p=0.0, inplace=False)
                (dropout_layer): Dropout(p=0.1, inplace=False)
              )
              (1): PETRMultiheadFlashAttention(
                (attn): FlashMHA(
                  (inner_attn): FlashAttention()
                  (out_proj): Linear(in_features=256, out_features=256, bias=True)
                )
                (proj_drop): Dropout(p=0.0, inplace=False)
                (dropout_layer): Dropout(p=0.1, inplace=False)
              )
            )
            (ffns): ModuleList(
              (0): FFN(
                (activate): ReLU(inplace=True)
                (layers): Sequential(
                  (0): Sequential(
                    (0): Linear(in_features=256, out_features=2048, bias=True)
                    (1): ReLU(inplace=True)
                    (2): Dropout(p=0.1, inplace=False)
                  )
                  (1): Linear(in_features=2048, out_features=256, bias=True)
                  (2): Dropout(p=0.1, inplace=False)
                )
                (dropout_layer): Identity()
              )
            )
            (norms): ModuleList(
              (0): LayerNorm((256,), eps=1e-05, elementwise_affine=True)
              (1): LayerNorm((256,), eps=1e-05, elementwise_affine=True)
              (2): LayerNorm((256,), eps=1e-05, elementwise_affine=True)
            )
          )
        )
        (post_norm): LayerNorm((256,), eps=1e-05, elementwise_affine=True)
      )
    )
    (router): StreamMoERouter(
      (gate): Sequential(
        (0): Linear(in_features=256, out_features=256, bias=True)
        (1): ReLU()
        (2): Linear(in_features=256, out_features=4, bias=True)
      )
    )
  )
  (img_backbone): ResNet(
    (conv1): Conv2d(3, 64, kernel_size=(7, 7), stride=(2, 2), padding=(3, 3), bias=False)
    (bn1): BatchNorm2d(64, eps=1e-05, momentum=0.1, affine=True, track_running_stats=True)
    (relu): ReLU(inplace=True)
    (maxpool): MaxPool2d(kernel_size=3, stride=2, padding=1, dilation=1, ceil_mode=False)
    (layer1): ResLayer(
      (0): Bottleneck(
        (conv1): Conv2d(64, 64, kernel_size=(1, 1), stride=(1, 1), bias=False)
        (bn1): BatchNorm2d(64, eps=1e-05, momentum=0.1, affine=True, track_running_stats=True)
        (conv2): Conv2d(64, 64, kernel_size=(3, 3), stride=(1, 1), padding=(1, 1), bias=False)
        (bn2): BatchNorm2d(64, eps=1e-05, momentum=0.1, affine=True, track_running_stats=True)
        (conv3): Conv2d(64, 256, kernel_size=(1, 1), stride=(1, 1), bias=False)
        (bn3): BatchNorm2d(256, eps=1e-05, momentum=0.1, affine=True, track_running_stats=True)
        (relu): ReLU(inplace=True)
        (downsample): Sequential(
          (0): Conv2d(64, 256, kernel_size=(1, 1), stride=(1, 1), bias=False)
          (1): BatchNorm2d(256, eps=1e-05, momentum=0.1, affine=True, track_running_stats=True)
        )
      )
      (1): Bottleneck(
        (conv1): Conv2d(256, 64, kernel_size=(1, 1), stride=(1, 1), bias=False)
        (bn1): BatchNorm2d(64, eps=1e-05, momentum=0.1, affine=True, track_running_stats=True)
        (conv2): Conv2d(64, 64, kernel_size=(3, 3), stride=(1, 1), padding=(1, 1), bias=False)
        (bn2): BatchNorm2d(64, eps=1e-05, momentum=0.1, affine=True, track_running_stats=True)
        (conv3): Conv2d(64, 256, kernel_size=(1, 1), stride=(1, 1), bias=False)
        (bn3): BatchNorm2d(256, eps=1e-05, momentum=0.1, affine=True, track_running_stats=True)
        (relu): ReLU(inplace=True)
      )
      (2): Bottleneck(
        (conv1): Conv2d(256, 64, kernel_size=(1, 1), stride=(1, 1), bias=False)
        (bn1): BatchNorm2d(64, eps=1e-05, momentum=0.1, affine=True, track_running_stats=True)
        (conv2): Conv2d(64, 64, kernel_size=(3, 3), stride=(1, 1), padding=(1, 1), bias=False)
        (bn2): BatchNorm2d(64, eps=1e-05, momentum=0.1, affine=True, track_running_stats=True)
        (conv3): Conv2d(64, 256, kernel_size=(1, 1), stride=(1, 1), bias=False)
        (bn3): BatchNorm2d(256, eps=1e-05, momentum=0.1, affine=True, track_running_stats=True)
        (relu): ReLU(inplace=True)
      )
    )
    (layer2): ResLayer(
      (0): Bottleneck(
        (conv1): Conv2d(256, 128, kernel_size=(1, 1), stride=(1, 1), bias=False)
        (bn1): BatchNorm2d(128, eps=1e-05, momentum=0.1, affine=True, track_running_stats=True)
        (conv2): Conv2d(128, 128, kernel_size=(3, 3), stride=(2, 2), padding=(1, 1), bias=False)
        (bn2): BatchNorm2d(128, eps=1e-05, momentum=0.1, affine=True, track_running_stats=True)
        (conv3): Conv2d(128, 512, kernel_size=(1, 1), stride=(1, 1), bias=False)
        (bn3): BatchNorm2d(512, eps=1e-05, momentum=0.1, affine=True, track_running_stats=True)
        (relu): ReLU(inplace=True)
        (downsample): Sequential(
          (0): Conv2d(256, 512, kernel_size=(1, 1), stride=(2, 2), bias=False)
          (1): BatchNorm2d(512, eps=1e-05, momentum=0.1, affine=True, track_running_stats=True)
        )
      )
      (1): Bottleneck(
        (conv1): Conv2d(512, 128, kernel_size=(1, 1), stride=(1, 1), bias=False)
        (bn1): BatchNorm2d(128, eps=1e-05, momentum=0.1, affine=True, track_running_stats=True)
        (conv2): Conv2d(128, 128, kernel_size=(3, 3), stride=(1, 1), padding=(1, 1), bias=False)
        (bn2): BatchNorm2d(128, eps=1e-05, momentum=0.1, affine=True, track_running_stats=True)
        (conv3): Conv2d(128, 512, kernel_size=(1, 1), stride=(1, 1), bias=False)
        (bn3): BatchNorm2d(512, eps=1e-05, momentum=0.1, affine=True, track_running_stats=True)
        (relu): ReLU(inplace=True)
      )
      (2): Bottleneck(
        (conv1): Conv2d(512, 128, kernel_size=(1, 1), stride=(1, 1), bias=False)
        (bn1): BatchNorm2d(128, eps=1e-05, momentum=0.1, affine=True, track_running_stats=True)
        (conv2): Conv2d(128, 128, kernel_size=(3, 3), stride=(1, 1), padding=(1, 1), bias=False)
        (bn2): BatchNorm2d(128, eps=1e-05, momentum=0.1, affine=True, track_running_stats=True)
        (conv3): Conv2d(128, 512, kernel_size=(1, 1), stride=(1, 1), bias=False)
        (bn3): BatchNorm2d(512, eps=1e-05, momentum=0.1, affine=True, track_running_stats=True)
        (relu): ReLU(inplace=True)
      )
      (3): Bottleneck(
        (conv1): Conv2d(512, 128, kernel_size=(1, 1), stride=(1, 1), bias=False)
        (bn1): BatchNorm2d(128, eps=1e-05, momentum=0.1, affine=True, track_running_stats=True)
        (conv2): Conv2d(128, 128, kernel_size=(3, 3), stride=(1, 1), padding=(1, 1), bias=False)
        (bn2): BatchNorm2d(128, eps=1e-05, momentum=0.1, affine=True, track_running_stats=True)
        (conv3): Conv2d(128, 512, kernel_size=(1, 1), stride=(1, 1), bias=False)
        (bn3): BatchNorm2d(512, eps=1e-05, momentum=0.1, affine=True, track_running_stats=True)
        (relu): ReLU(inplace=True)
      )
    )
    (layer3): ResLayer(
      (0): Bottleneck(
        (conv1): Conv2d(512, 256, kernel_size=(1, 1), stride=(1, 1), bias=False)
        (bn1): BatchNorm2d(256, eps=1e-05, momentum=0.1, affine=True, track_running_stats=True)
        (conv2): Conv2d(256, 256, kernel_size=(3, 3), stride=(2, 2), padding=(1, 1), bias=False)
        (bn2): BatchNorm2d(256, eps=1e-05, momentum=0.1, affine=True, track_running_stats=True)
        (conv3): Conv2d(256, 1024, kernel_size=(1, 1), stride=(1, 1), bias=False)
        (bn3): BatchNorm2d(1024, eps=1e-05, momentum=0.1, affine=True, track_running_stats=True)
        (relu): ReLU(inplace=True)
        (downsample): Sequential(
          (0): Conv2d(512, 1024, kernel_size=(1, 1), stride=(2, 2), bias=False)
          (1): BatchNorm2d(1024, eps=1e-05, momentum=0.1, affine=True, track_running_stats=True)
        )
      )
      (1): Bottleneck(
        (conv1): Conv2d(1024, 256, kernel_size=(1, 1), stride=(1, 1), bias=False)
        (bn1): BatchNorm2d(256, eps=1e-05, momentum=0.1, affine=True, track_running_stats=True)
        (conv2): Conv2d(256, 256, kernel_size=(3, 3), stride=(1, 1), padding=(1, 1), bias=False)
        (bn2): BatchNorm2d(256, eps=1e-05, momentum=0.1, affine=True, track_running_stats=True)
        (conv3): Conv2d(256, 1024, kernel_size=(1, 1), stride=(1, 1), bias=False)
        (bn3): BatchNorm2d(1024, eps=1e-05, momentum=0.1, affine=True, track_running_stats=True)
        (relu): ReLU(inplace=True)
      )
      (2): Bottleneck(
        (conv1): Conv2d(1024, 256, kernel_size=(1, 1), stride=(1, 1), bias=False)
        (bn1): BatchNorm2d(256, eps=1e-05, momentum=0.1, affine=True, track_running_stats=True)
        (conv2): Conv2d(256, 256, kernel_size=(3, 3), stride=(1, 1), padding=(1, 1), bias=False)
        (bn2): BatchNorm2d(256, eps=1e-05, momentum=0.1, affine=True, track_running_stats=True)
        (conv3): Conv2d(256, 1024, kernel_size=(1, 1), stride=(1, 1), bias=False)
        (bn3): BatchNorm2d(1024, eps=1e-05, momentum=0.1, affine=True, track_running_stats=True)
        (relu): ReLU(inplace=True)
      )
      (3): Bottleneck(
        (conv1): Conv2d(1024, 256, kernel_size=(1, 1), stride=(1, 1), bias=False)
        (bn1): BatchNorm2d(256, eps=1e-05, momentum=0.1, affine=True, track_running_stats=True)
        (conv2): Conv2d(256, 256, kernel_size=(3, 3), stride=(1, 1), padding=(1, 1), bias=False)
        (bn2): BatchNorm2d(256, eps=1e-05, momentum=0.1, affine=True, track_running_stats=True)
        (conv3): Conv2d(256, 1024, kernel_size=(1, 1), stride=(1, 1), bias=False)
        (bn3): BatchNorm2d(1024, eps=1e-05, momentum=0.1, affine=True, track_running_stats=True)
        (relu): ReLU(inplace=True)
      )
      (4): Bottleneck(
        (conv1): Conv2d(1024, 256, kernel_size=(1, 1), stride=(1, 1), bias=False)
        (bn1): BatchNorm2d(256, eps=1e-05, momentum=0.1, affine=True, track_running_stats=True)
        (conv2): Conv2d(256, 256, kernel_size=(3, 3), stride=(1, 1), padding=(1, 1), bias=False)
        (bn2): BatchNorm2d(256, eps=1e-05, momentum=0.1, affine=True, track_running_stats=True)
        (conv3): Conv2d(256, 1024, kernel_size=(1, 1), stride=(1, 1), bias=False)
        (bn3): BatchNorm2d(1024, eps=1e-05, momentum=0.1, affine=True, track_running_stats=True)
        (relu): ReLU(inplace=True)
      )
      (5): Bottleneck(
        (conv1): Conv2d(1024, 256, kernel_size=(1, 1), stride=(1, 1), bias=False)
        (bn1): BatchNorm2d(256, eps=1e-05, momentum=0.1, affine=True, track_running_stats=True)
        (conv2): Conv2d(256, 256, kernel_size=(3, 3), stride=(1, 1), padding=(1, 1), bias=False)
        (bn2): BatchNorm2d(256, eps=1e-05, momentum=0.1, affine=True, track_running_stats=True)
        (conv3): Conv2d(256, 1024, kernel_size=(1, 1), stride=(1, 1), bias=False)
        (bn3): BatchNorm2d(1024, eps=1e-05, momentum=0.1, affine=True, track_running_stats=True)
        (relu): ReLU(inplace=True)
      )
    )
    (layer4): ResLayer(
      (0): Bottleneck(
        (conv1): Conv2d(1024, 512, kernel_size=(1, 1), stride=(1, 1), bias=False)
        (bn1): BatchNorm2d(512, eps=1e-05, momentum=0.1, affine=True, track_running_stats=True)
        (conv2): Conv2d(512, 512, kernel_size=(3, 3), stride=(2, 2), padding=(1, 1), bias=False)
        (bn2): BatchNorm2d(512, eps=1e-05, momentum=0.1, affine=True, track_running_stats=True)
        (conv3): Conv2d(512, 2048, kernel_size=(1, 1), stride=(1, 1), bias=False)
        (bn3): BatchNorm2d(2048, eps=1e-05, momentum=0.1, affine=True, track_running_stats=True)
        (relu): ReLU(inplace=True)
        (downsample): Sequential(
          (0): Conv2d(1024, 2048, kernel_size=(1, 1), stride=(2, 2), bias=False)
          (1): BatchNorm2d(2048, eps=1e-05, momentum=0.1, affine=True, track_running_stats=True)
        )
      )
      (1): Bottleneck(
        (conv1): Conv2d(2048, 512, kernel_size=(1, 1), stride=(1, 1), bias=False)
        (bn1): BatchNorm2d(512, eps=1e-05, momentum=0.1, affine=True, track_running_stats=True)
        (conv2): Conv2d(512, 512, kernel_size=(3, 3), stride=(1, 1), padding=(1, 1), bias=False)
        (bn2): BatchNorm2d(512, eps=1e-05, momentum=0.1, affine=True, track_running_stats=True)
        (conv3): Conv2d(512, 2048, kernel_size=(1, 1), stride=(1, 1), bias=False)
        (bn3): BatchNorm2d(2048, eps=1e-05, momentum=0.1, affine=True, track_running_stats=True)
        (relu): ReLU(inplace=True)
      )
      (2): Bottleneck(
        (conv1): Conv2d(2048, 512, kernel_size=(1, 1), stride=(1, 1), bias=False)
        (bn1): BatchNorm2d(512, eps=1e-05, momentum=0.1, affine=True, track_running_stats=True)
        (conv2): Conv2d(512, 512, kernel_size=(3, 3), stride=(1, 1), padding=(1, 1), bias=False)
        (bn2): BatchNorm2d(512, eps=1e-05, momentum=0.1, affine=True, track_running_stats=True)
        (conv3): Conv2d(512, 2048, kernel_size=(1, 1), stride=(1, 1), bias=False)
        (bn3): BatchNorm2d(2048, eps=1e-05, momentum=0.1, affine=True, track_running_stats=True)
        (relu): ReLU(inplace=True)
      )
    )
  )
  init_cfg={'type': 'Pretrained', 'checkpoint': 'torchvision://resnet50'}
  (img_neck): CPFPN(
    (lateral_convs): ModuleList(
      (0): ConvModule(
        (conv): Conv2d(512, 256, kernel_size=(1, 1), stride=(1, 1))
      )
      (1): ConvModule(
        (conv): Conv2d(1024, 256, kernel_size=(1, 1), stride=(1, 1))
      )
      (2): ConvModule(
        (conv): Conv2d(2048, 256, kernel_size=(1, 1), stride=(1, 1))
      )
    )
    (fpn_convs): ModuleList(
      (0): ConvModule(
        (conv): Conv2d(256, 256, kernel_size=(3, 3), stride=(1, 1), padding=(1, 1))
      )
    )
  )
  init_cfg={'type': 'Xavier', 'layer': 'Conv2d', 'distribution': 'uniform'}
  (img_roi_head): FocalHead(
    (loss_cls): FocalLoss()
    (loss_bbox): IoULoss()
    (cls): Conv2d(256, 10, kernel_size=(1, 1), stride=(1, 1))
    (shared_reg): Sequential(
      (0): Conv2d(256, 256, kernel_size=(3, 3), stride=(1, 1), padding=(1, 1))
      (1): GroupNorm(32, 256, eps=1e-05, affine=True)
      (2): ReLU()
    )
    (shared_cls): Sequential(
      (0): Conv2d(256, 256, kernel_size=(3, 3), stride=(1, 1), padding=(1, 1))
      (1): GroupNorm(32, 256, eps=1e-05, affine=True)
      (2): ReLU()
    )
    (centerness): Conv2d(256, 1, kernel_size=(1, 1), stride=(1, 1))
    (ltrb): Conv2d(256, 4, kernel_size=(1, 1), stride=(1, 1))
    (center2d): Conv2d(256, 2, kernel_size=(1, 1), stride=(1, 1))
    (loss_cls2d): QualityFocalLoss()
    (loss_bbox2d): L1Loss()
    (loss_iou2d): GIoULoss()
    (loss_centers2d): L1Loss()
    (loss_centerness): GaussianFocalLoss()
  )
  (grid_mask): GridMask()
)
2026-01-06 14:30:14,216 - mmdet - INFO - Start running, host: root@autodl-container-d8b248996e-bb552bdf, work_dir: /root/streamPETR_moe-main-1/work_dirs/stream_petr_r50_flash_704_bs2_seq_24e
2026-01-06 14:30:14,217 - mmdet - INFO - Hooks will be executed in the following order:
before_run:
(VERY_HIGH   ) CosineAnnealingLrUpdaterHook       
(ABOVE_NORMAL) Fp16OptimizerHook                  
(NORMAL      ) CheckpointHook                     
(NORMAL      ) CustomDistEvalHook                 
(VERY_LOW    ) TextLoggerHook                     
(VERY_LOW    ) TensorboardLoggerHook              
 -------------------- 
before_train_epoch:
(VERY_HIGH   ) CosineAnnealingLrUpdaterHook       
(NORMAL      ) CustomDistEvalHook                 
(LOW         ) IterTimerHook                      
(VERY_LOW    ) TextLoggerHook                     
(VERY_LOW    ) TensorboardLoggerHook              
 -------------------- 
before_train_iter:
(VERY_HIGH   ) CosineAnnealingLrUpdaterHook       
(NORMAL      ) CustomDistEvalHook                 
(LOW         ) IterTimerHook                      
 -------------------- 
after_train_iter:
(ABOVE_NORMAL) Fp16OptimizerHook                  
(NORMAL      ) CheckpointHook                     
(NORMAL      ) CustomDistEvalHook                 
(LOW         ) IterTimerHook                      
(VERY_LOW    ) TextLoggerHook                     
(VERY_LOW    ) TensorboardLoggerHook              
 -------------------- 
after_train_epoch:
(NORMAL      ) CheckpointHook                     
(NORMAL      ) CustomDistEvalHook                 
(VERY_LOW    ) TextLoggerHook                     
(VERY_LOW    ) TensorboardLoggerHook              
 -------------------- 
before_val_epoch:
(LOW         ) IterTimerHook                      
(VERY_LOW    ) TextLoggerHook                     
(VERY_LOW    ) TensorboardLoggerHook              
 -------------------- 
before_val_iter:
(LOW         ) IterTimerHook                      
 -------------------- 
after_val_iter:
(LOW         ) IterTimerHook                      
 -------------------- 
after_val_epoch:
(VERY_LOW    ) TextLoggerHook                     
(VERY_LOW    ) TensorboardLoggerHook              
 -------------------- 
after_run:
(VERY_LOW    ) TextLoggerHook                     
(VERY_LOW    ) TensorboardLoggerHook              
 -------------------- 
2026-01-06 14:30:14,217 - mmdet - INFO - workflow: [('train', 1)], max: 84384 iters
2026-01-06 14:30:14,218 - mmdet - INFO - Checkpoints will be saved to /root/streamPETR_moe-main-1/work_dirs/stream_petr_r50_flash_704_bs2_seq_24e by HardDiskBackend.
2026-01-06 14:30:25,356 - mmdet - INFO - Iter [50/84384]	lr: 1.595e-04, eta: 5:07:42, time: 0.219, data_time: 0.026, memory: 5000, frame_0_loss_cls: 1.3000, frame_0_loss_bbox: 4.0717, frame_0_d0.loss_cls: 1.3316, frame_0_d0.loss_bbox: 4.0711, frame_0_d1.loss_cls: 1.2982, frame_0_d1.loss_bbox: 4.0756, frame_0_d2.loss_cls: 1.2806, frame_0_d2.loss_bbox: 4.0730, frame_0_d3.loss_cls: 1.2768, frame_0_d3.loss_bbox: 4.0334, frame_0_d4.loss_cls: 1.3063, frame_0_d4.loss_bbox: 4.0747, frame_0_dn_loss_cls: 1.0236, frame_0_dn_loss_bbox: 3.4682, frame_0_d0.dn_loss_cls: 1.0620, frame_0_d0.dn_loss_bbox: 3.5252, frame_0_d1.dn_loss_cls: 1.0257, frame_0_d1.dn_loss_bbox: 3.5541, frame_0_d2.dn_loss_cls: 1.0036, frame_0_d2.dn_loss_bbox: 3.5704, frame_0_d3.dn_loss_cls: 0.9964, frame_0_d3.dn_loss_bbox: 3.5220, frame_0_d4.dn_loss_cls: 1.0325, frame_0_d4.dn_loss_bbox: 3.5160, frame_0_enc_loss_cls: 0.4630, frame_0_enc_loss_bbox: 1.4151, frame_0_enc_loss_iou: 1.4948, frame_0_centers2d_losses: 0.4762, frame_0_centerness_losses: 2.0625, loss: 65.4044, grad_norm: inf
2026-01-06 14:30:35,080 - mmdet - INFO - Iter [100/84384]	lr: 1.861e-04, eta: 4:50:21, time: 0.194, data_time: 0.014, memory: 5000, frame_0_loss_cls: 1.6185, frame_0_loss_bbox: 3.8885, frame_0_d0.loss_cls: 1.6438, frame_0_d0.loss_bbox: 3.9348, frame_0_d1.loss_cls: 1.6235, frame_0_d1.loss_bbox: 3.9047, frame_0_d2.loss_cls: 1.6351, frame_0_d2.loss_bbox: 3.9336, frame_0_d3.loss_cls: 1.6288, frame_0_d3.loss_bbox: 3.9043, frame_0_d4.loss_cls: 1.6314, frame_0_d4.loss_bbox: 3.9199, frame_0_dn_loss_cls: 1.3743, frame_0_dn_loss_bbox: 3.3688, frame_0_d0.dn_loss_cls: 1.4048, frame_0_d0.dn_loss_bbox: 3.3418, frame_0_d1.dn_loss_cls: 1.3904, frame_0_d1.dn_loss_bbox: 3.3484, frame_0_d2.dn_loss_cls: 1.3934, frame_0_d2.dn_loss_bbox: 3.3569, frame_0_d3.dn_loss_cls: 1.3895, frame_0_d3.dn_loss_bbox: 3.3634, frame_0_d4.dn_loss_cls: 1.3841, frame_0_d4.dn_loss_bbox: 3.3442, frame_0_enc_loss_cls: 0.7519, frame_0_enc_loss_bbox: 1.1608, frame_0_enc_loss_iou: 1.3586, frame_0_centers2d_losses: 0.3438, frame_0_centerness_losses: 1.9773, loss: 67.3192, grad_norm: 194.6545
2026-01-06 14:30:45,076 - mmdet - INFO - Iter [150/84384]	lr: 2.128e-04, eta: 4:47:00, time: 0.200, data_time: 0.015, memory: 5000, frame_0_loss_cls: 1.3797, frame_0_loss_bbox: 3.5606, frame_0_d0.loss_cls: 1.3845, frame_0_d0.loss_bbox: 3.5423, frame_0_d1.loss_cls: 1.4063, frame_0_d1.loss_bbox: 3.5541, frame_0_d2.loss_cls: 1.3970, frame_0_d2.loss_bbox: 3.5498, frame_0_d3.loss_cls: 1.3968, frame_0_d3.loss_bbox: 3.5473, frame_0_d4.loss_cls: 1.3828, frame_0_d4.loss_bbox: 3.5528, frame_0_dn_loss_cls: 1.0365, frame_0_dn_loss_bbox: 2.7161, frame_0_d0.dn_loss_cls: 1.0335, frame_0_d0.dn_loss_bbox: 2.7284, frame_0_d1.dn_loss_cls: 1.0359, frame_0_d1.dn_loss_bbox: 2.7355, frame_0_d2.dn_loss_cls: 1.0534, frame_0_d2.dn_loss_bbox: 2.7097, frame_0_d3.dn_loss_cls: 1.0481, frame_0_d3.dn_loss_bbox: 2.7104, frame_0_d4.dn_loss_cls: 1.0477, frame_0_d4.dn_loss_bbox: 2.7034, frame_0_enc_loss_cls: 0.4603, frame_0_enc_loss_bbox: 0.8918, frame_0_enc_loss_iou: 1.4456, frame_0_centers2d_losses: 0.3502, frame_0_centerness_losses: 1.6414, loss: 57.0019, grad_norm: 170.9422
2026-01-06 14:30:55,558 - mmdet - INFO - Iter [200/84384]	lr: 2.395e-04, eta: 4:48:39, time: 0.210, data_time: 0.016, memory: 5000, frame_0_loss_cls: 1.1623, frame_0_loss_bbox: 2.7414, frame_0_d0.loss_cls: 1.1710, frame_0_d0.loss_bbox: 2.7468, frame_0_d1.loss_cls: 1.1796, frame_0_d1.loss_bbox: 2.7465, frame_0_d2.loss_cls: 1.1704, frame_0_d2.loss_bbox: 2.7483, frame_0_d3.loss_cls: 1.1694, frame_0_d3.loss_bbox: 2.7483, frame_0_d4.loss_cls: 1.1655, frame_0_d4.loss_bbox: 2.7481, frame_0_dn_loss_cls: 0.9011, frame_0_dn_loss_bbox: 1.9376, frame_0_d0.dn_loss_cls: 0.9029, frame_0_d0.dn_loss_bbox: 1.9337, frame_0_d1.dn_loss_cls: 0.9096, frame_0_d1.dn_loss_bbox: 1.9352, frame_0_d2.dn_loss_cls: 0.9077, frame_0_d2.dn_loss_bbox: 1.9338, frame_0_d3.dn_loss_cls: 0.9042, frame_0_d3.dn_loss_bbox: 1.9244, frame_0_d4.dn_loss_cls: 0.9040, frame_0_d4.dn_loss_bbox: 1.9512, frame_0_enc_loss_cls: 0.7427, frame_0_enc_loss_bbox: 0.8597, frame_0_enc_loss_iou: 1.2415, frame_0_centers2d_losses: 0.4286, frame_0_centerness_losses: 1.5016, loss: 45.3170, grad_norm: 154.7964
2026-01-06 14:31:06,928 - mmdet - INFO - Iter [250/84384]	lr: 2.661e-04, eta: 4:54:33, time: 0.227, data_time: 0.016, memory: 6403, frame_0_loss_cls: 1.2459, frame_0_loss_bbox: 3.0469, frame_0_d0.loss_cls: 1.2530, frame_0_d0.loss_bbox: 3.0480, frame_0_d1.loss_cls: 1.2384, frame_0_d1.loss_bbox: 3.0474, frame_0_d2.loss_cls: 1.2379, frame_0_d2.loss_bbox: 3.0394, frame_0_d3.loss_cls: 1.2445, frame_0_d3.loss_bbox: 3.0458, frame_0_d4.loss_cls: 1.2364, frame_0_d4.loss_bbox: 3.0311, frame_0_dn_loss_cls: 0.9427, frame_0_dn_loss_bbox: 1.9043, frame_0_d0.dn_loss_cls: 0.9366, frame_0_d0.dn_loss_bbox: 1.8895, frame_0_d1.dn_loss_cls: 0.9391, frame_0_d1.dn_loss_bbox: 1.8931, frame_0_d2.dn_loss_cls: 0.9442, frame_0_d2.dn_loss_bbox: 1.8944, frame_0_d3.dn_loss_cls: 0.9554, frame_0_d3.dn_loss_bbox: 1.8929, frame_0_d4.dn_loss_cls: 0.9468, frame_0_d4.dn_loss_bbox: 1.8646, frame_0_enc_loss_cls: 0.5980, frame_0_enc_loss_bbox: 0.7473, frame_0_enc_loss_iou: 1.3199, frame_0_centers2d_losses: 0.3821, frame_0_centerness_losses: 1.3815, loss: 47.1470, grad_norm: 137.7497
2026-01-06 14:31:17,385 - mmdet - INFO - Iter [300/84384]	lr: 2.928e-04, eta: 4:54:10, time: 0.209, data_time: 0.016, memory: 6403, frame_0_loss_cls: 1.2955, frame_0_loss_bbox: 2.8627, frame_0_d0.loss_cls: 1.3092, frame_0_d0.loss_bbox: 2.8701, frame_0_d1.loss_cls: 1.3071, frame_0_d1.loss_bbox: 2.8615, frame_0_d2.loss_cls: 1.2986, frame_0_d2.loss_bbox: 2.8699, frame_0_d3.loss_cls: 1.3003, frame_0_d3.loss_bbox: 2.8577, frame_0_d4.loss_cls: 1.2965, frame_0_d4.loss_bbox: 2.8631, frame_0_dn_loss_cls: 0.9168, frame_0_dn_loss_bbox: 2.1671, frame_0_d0.dn_loss_cls: 0.9091, frame_0_d0.dn_loss_bbox: 2.1674, frame_0_d1.dn_loss_cls: 0.9190, frame_0_d1.dn_loss_bbox: 2.1728, frame_0_d2.dn_loss_cls: 0.9189, frame_0_d2.dn_loss_bbox: 2.1681, frame_0_d3.dn_loss_cls: 0.9167, frame_0_d3.dn_loss_bbox: 2.1584, frame_0_d4.dn_loss_cls: 0.9220, frame_0_d4.dn_loss_bbox: 2.1639, frame_0_enc_loss_cls: 0.5855, frame_0_enc_loss_bbox: 1.2050, frame_0_enc_loss_iou: 1.3956, frame_0_centers2d_losses: 0.4793, frame_0_centerness_losses: 1.6541, loss: 48.8121, grad_norm: 123.2574
2026-01-06 14:31:28,125 - mmdet - INFO - Iter [350/84384]	lr: 3.195e-04, eta: 4:54:58, time: 0.215, data_time: 0.016, memory: 6403, frame_0_loss_cls: 1.4692, frame_0_loss_bbox: 3.3872, frame_0_d0.loss_cls: 1.4697, frame_0_d0.loss_bbox: 3.3783, frame_0_d1.loss_cls: 1.4659, frame_0_d1.loss_bbox: 3.3939, frame_0_d2.loss_cls: 1.4556, frame_0_d2.loss_bbox: 3.3847, frame_0_d3.loss_cls: 1.4571, frame_0_d3.loss_bbox: 3.3872, frame_0_d4.loss_cls: 1.4792, frame_0_d4.loss_bbox: 3.3854, frame_0_dn_loss_cls: 1.0383, frame_0_dn_loss_bbox: 2.4504, frame_0_d0.dn_loss_cls: 1.0423, frame_0_d0.dn_loss_bbox: 2.4449, frame_0_d1.dn_loss_cls: 1.0482, frame_0_d1.dn_loss_bbox: 2.4586, frame_0_d2.dn_loss_cls: 1.0455, frame_0_d2.dn_loss_bbox: 2.4514, frame_0_d3.dn_loss_cls: 1.0459, frame_0_d3.dn_loss_bbox: 2.4468, frame_0_d4.dn_loss_cls: 1.0435, frame_0_d4.dn_loss_bbox: 2.4397, frame_0_enc_loss_cls: 0.5814, frame_0_enc_loss_bbox: 0.9238, frame_0_enc_loss_iou: 1.4153, frame_0_centers2d_losses: 0.4169, frame_0_centerness_losses: 1.6292, loss: 55.0355, grad_norm: 129.6968
2026-01-06 14:31:38,336 - mmdet - INFO - Iter [400/84384]	lr: 3.461e-04, eta: 4:53:40, time: 0.204, data_time: 0.016, memory: 6403, frame_0_loss_cls: 1.3748, frame_0_loss_bbox: 2.9140, frame_0_d0.loss_cls: 1.3696, frame_0_d0.loss_bbox: 2.9248, frame_0_d1.loss_cls: 1.3650, frame_0_d1.loss_bbox: 2.9188, frame_0_d2.loss_cls: 1.3618, frame_0_d2.loss_bbox: 2.9227, frame_0_d3.loss_cls: 1.3607, frame_0_d3.loss_bbox: 2.9097, frame_0_d4.loss_cls: 1.3663, frame_0_d4.loss_bbox: 2.9185, frame_0_dn_loss_cls: 1.0681, frame_0_dn_loss_bbox: 2.2125, frame_0_d0.dn_loss_cls: 1.0582, frame_0_d0.dn_loss_bbox: 2.2188, frame_0_d1.dn_loss_cls: 1.0617, frame_0_d1.dn_loss_bbox: 2.2193, frame_0_d2.dn_loss_cls: 1.0673, frame_0_d2.dn_loss_bbox: 2.2128, frame_0_d3.dn_loss_cls: 1.0705, frame_0_d3.dn_loss_bbox: 2.2090, frame_0_d4.dn_loss_cls: 1.0704, frame_0_d4.dn_loss_bbox: 2.2074, frame_0_enc_loss_cls: 0.7558, frame_0_enc_loss_bbox: 0.9704, frame_0_enc_loss_iou: 1.3010, frame_0_centers2d_losses: 0.5262, frame_0_centerness_losses: 1.6370, loss: 50.5731, grad_norm: 127.7021
2026-01-06 14:31:49,301 - mmdet - INFO - Iter [450/84384]	lr: 3.728e-04, eta: 4:54:58, time: 0.219, data_time: 0.016, memory: 6403, frame_0_loss_cls: 1.2683, frame_0_loss_bbox: 2.6889, frame_0_d0.loss_cls: 1.2712, frame_0_d0.loss_bbox: 2.6804, frame_0_d1.loss_cls: 1.2647, frame_0_d1.loss_bbox: 2.6879, frame_0_d2.loss_cls: 1.2609, frame_0_d2.loss_bbox: 2.6863, frame_0_d3.loss_cls: 1.2655, frame_0_d3.loss_bbox: 2.6914, frame_0_d4.loss_cls: 1.2623, frame_0_d4.loss_bbox: 2.6807, frame_0_dn_loss_cls: 0.9909, frame_0_dn_loss_bbox: 1.7780, frame_0_d0.dn_loss_cls: 0.9820, frame_0_d0.dn_loss_bbox: 1.7741, frame_0_d1.dn_loss_cls: 0.9890, frame_0_d1.dn_loss_bbox: 1.7751, frame_0_d2.dn_loss_cls: 0.9878, frame_0_d2.dn_loss_bbox: 1.7752, frame_0_d3.dn_loss_cls: 0.9938, frame_0_d3.dn_loss_bbox: 1.7709, frame_0_d4.dn_loss_cls: 0.9938, frame_0_d4.dn_loss_bbox: 1.7762, frame_0_enc_loss_cls: 0.5280, frame_0_enc_loss_bbox: 0.7435, frame_0_enc_loss_iou: 1.4095, frame_0_centers2d_losses: 0.4185, frame_0_centerness_losses: 1.2978, loss: 44.6925, grad_norm: 99.7354
2026-01-06 14:31:59,460 - mmdet - INFO - Iter [500/84384]	lr: 3.994e-04, eta: 4:53:43, time: 0.203, data_time: 0.015, memory: 6403, frame_0_loss_cls: 1.3666, frame_0_loss_bbox: 2.8931, frame_0_d0.loss_cls: 1.3653, frame_0_d0.loss_bbox: 2.8843, frame_0_d1.loss_cls: 1.3592, frame_0_d1.loss_bbox: 2.8956, frame_0_d2.loss_cls: 1.3635, frame_0_d2.loss_bbox: 2.8870, frame_0_d3.loss_cls: 1.3816, frame_0_d3.loss_bbox: 2.8915, frame_0_d4.loss_cls: 1.3664, frame_0_d4.loss_bbox: 2.8997, frame_0_dn_loss_cls: 0.9735, frame_0_dn_loss_bbox: 2.3141, frame_0_d0.dn_loss_cls: 0.9876, frame_0_d0.dn_loss_bbox: 2.2982, frame_0_d1.dn_loss_cls: 0.9901, frame_0_d1.dn_loss_bbox: 2.3067, frame_0_d2.dn_loss_cls: 0.9916, frame_0_d2.dn_loss_bbox: 2.2948, frame_0_d3.dn_loss_cls: 0.9770, frame_0_d3.dn_loss_bbox: 2.2858, frame_0_d4.dn_loss_cls: 0.9885, frame_0_d4.dn_loss_bbox: 2.2966, frame_0_enc_loss_cls: 0.8878, frame_0_enc_loss_bbox: 0.9106, frame_0_enc_loss_iou: 1.2354, frame_0_centers2d_losses: 0.3862, frame_0_centerness_losses: 1.7484, loss: 50.4266, grad_norm: 117.6658
2026-01-06 14:32:09,884 - mmdet - INFO - Iter [550/84384]	lr: 4.000e-04, eta: 4:53:20, time: 0.208, data_time: 0.016, memory: 6403, frame_0_loss_cls: 1.2118, frame_0_loss_bbox: 2.6166, frame_0_d0.loss_cls: 1.2118, frame_0_d0.loss_bbox: 2.6081, frame_0_d1.loss_cls: 1.2160, frame_0_d1.loss_bbox: 2.6146, frame_0_d2.loss_cls: 1.2111, frame_0_d2.loss_bbox: 2.6039, frame_0_d3.loss_cls: 1.2087, frame_0_d3.loss_bbox: 2.6144, frame_0_d4.loss_cls: 1.2141, frame_0_d4.loss_bbox: 2.6195, frame_0_dn_loss_cls: 0.9238, frame_0_dn_loss_bbox: 2.0550, frame_0_d0.dn_loss_cls: 0.9167, frame_0_d0.dn_loss_bbox: 2.0522, frame_0_d1.dn_loss_cls: 0.9270, frame_0_d1.dn_loss_bbox: 2.0585, frame_0_d2.dn_loss_cls: 0.9204, frame_0_d2.dn_loss_bbox: 2.0508, frame_0_d3.dn_loss_cls: 0.9205, frame_0_d3.dn_loss_bbox: 2.0475, frame_0_d4.dn_loss_cls: 0.9250, frame_0_d4.dn_loss_bbox: 2.0463, frame_0_enc_loss_cls: 0.7442, frame_0_enc_loss_bbox: 0.7803, frame_0_enc_loss_iou: 1.2336, frame_0_centers2d_losses: 0.4237, frame_0_centerness_losses: 1.3645, loss: 45.3407, grad_norm: 112.3993
2026-01-06 14:32:19,835 - mmdet - INFO - Iter [600/84384]	lr: 4.000e-04, eta: 4:51:53, time: 0.199, data_time: 0.014, memory: 6403, frame_0_loss_cls: 1.3517, frame_0_loss_bbox: 3.9793, frame_0_d0.loss_cls: 1.3711, frame_0_d0.loss_bbox: 3.9620, frame_0_d1.loss_cls: 1.3585, frame_0_d1.loss_bbox: 3.9717, frame_0_d2.loss_cls: 1.3593, frame_0_d2.loss_bbox: 3.9557, frame_0_d3.loss_cls: 1.3652, frame_0_d3.loss_bbox: 3.9724, frame_0_d4.loss_cls: 1.3590, frame_0_d4.loss_bbox: 3.9794, frame_0_dn_loss_cls: 0.9903, frame_0_dn_loss_bbox: 3.4202, frame_0_d0.dn_loss_cls: 0.9768, frame_0_d0.dn_loss_bbox: 3.3908, frame_0_d1.dn_loss_cls: 0.9852, frame_0_d1.dn_loss_bbox: 3.3788, frame_0_d2.dn_loss_cls: 0.9774, frame_0_d2.dn_loss_bbox: 3.3764, frame_0_d3.dn_loss_cls: 0.9737, frame_0_d3.dn_loss_bbox: 3.3687, frame_0_d4.dn_loss_cls: 0.9788, frame_0_d4.dn_loss_bbox: 3.4040, frame_0_enc_loss_cls: 0.7211, frame_0_enc_loss_bbox: 0.6228, frame_0_enc_loss_iou: 1.2618, frame_0_centers2d_losses: 0.3624, frame_0_centerness_losses: 1.5868, loss: 62.7612, grad_norm: 170.0444
2026-01-06 14:32:30,945 - mmdet - INFO - Iter [650/84384]	lr: 3.999e-04, eta: 4:53:07, time: 0.222, data_time: 0.015, memory: 6403, frame_0_loss_cls: 1.4107, frame_0_loss_bbox: 3.3741, frame_0_d0.loss_cls: 1.4067, frame_0_d0.loss_bbox: 3.3759, frame_0_d1.loss_cls: 1.3992, frame_0_d1.loss_bbox: 3.3779, frame_0_d2.loss_cls: 1.4121, frame_0_d2.loss_bbox: 3.3724, frame_0_d3.loss_cls: 1.4200, frame_0_d3.loss_bbox: 3.3764, frame_0_d4.loss_cls: 1.4188, frame_0_d4.loss_bbox: 3.3721, frame_0_dn_loss_cls: 0.9339, frame_0_dn_loss_bbox: 2.3915, frame_0_d0.dn_loss_cls: 0.9320, frame_0_d0.dn_loss_bbox: 2.4096, frame_0_d1.dn_loss_cls: 0.9333, frame_0_d1.dn_loss_bbox: 2.4076, frame_0_d2.dn_loss_cls: 0.9317, frame_0_d2.dn_loss_bbox: 2.4027, frame_0_d3.dn_loss_cls: 0.9303, frame_0_d3.dn_loss_bbox: 2.4076, frame_0_d4.dn_loss_cls: 0.9304, frame_0_d4.dn_loss_bbox: 2.3939, frame_0_enc_loss_cls: 0.5818, frame_0_enc_loss_bbox: 0.6770, frame_0_enc_loss_iou: 1.3642, frame_0_centers2d_losses: 0.3140, frame_0_centerness_losses: 1.3426, loss: 53.0003, grad_norm: 108.1366
2026-01-06 14:32:41,376 - mmdet - INFO - Iter [700/84384]	lr: 3.999e-04, eta: 4:52:48, time: 0.209, data_time: 0.015, memory: 6403, frame_0_loss_cls: 1.3678, frame_0_loss_bbox: 3.2470, frame_0_d0.loss_cls: 1.3772, frame_0_d0.loss_bbox: 3.2582, frame_0_d1.loss_cls: 1.3781, frame_0_d1.loss_bbox: 3.2516, frame_0_d2.loss_cls: 1.3733, frame_0_d2.loss_bbox: 3.2486, frame_0_d3.loss_cls: 1.3770, frame_0_d3.loss_bbox: 3.2421, frame_0_d4.loss_cls: 1.3718, frame_0_d4.loss_bbox: 3.2479, frame_0_dn_loss_cls: 1.0207, frame_0_dn_loss_bbox: 2.5903, frame_0_d0.dn_loss_cls: 1.0139, frame_0_d0.dn_loss_bbox: 2.5916, frame_0_d1.dn_loss_cls: 1.0169, frame_0_d1.dn_loss_bbox: 2.5715, frame_0_d2.dn_loss_cls: 1.0288, frame_0_d2.dn_loss_bbox: 2.5844, frame_0_d3.dn_loss_cls: 1.0270, frame_0_d3.dn_loss_bbox: 2.5892, frame_0_d4.dn_loss_cls: 1.0271, frame_0_d4.dn_loss_bbox: 2.5812, frame_0_enc_loss_cls: 0.7252, frame_0_enc_loss_bbox: 0.6562, frame_0_enc_loss_iou: 1.2965, frame_0_centers2d_losses: 0.3551, frame_0_centerness_losses: 1.4479, loss: 53.8640, grad_norm: 131.8111
2026-01-06 14:32:51,601 - mmdet - INFO - Iter [750/84384]	lr: 3.999e-04, eta: 4:52:08, time: 0.205, data_time: 0.016, memory: 6403, frame_0_loss_cls: 1.4454, frame_0_loss_bbox: 3.2923, frame_0_d0.loss_cls: 1.4449, frame_0_d0.loss_bbox: 3.3054, frame_0_d1.loss_cls: 1.4407, frame_0_d1.loss_bbox: 3.3035, frame_0_d2.loss_cls: 1.4399, frame_0_d2.loss_bbox: 3.3072, frame_0_d3.loss_cls: 1.4427, frame_0_d3.loss_bbox: 3.3082, frame_0_d4.loss_cls: 1.4552, frame_0_d4.loss_bbox: 3.2920, frame_0_dn_loss_cls: 1.0047, frame_0_dn_loss_bbox: 2.7148, frame_0_d0.dn_loss_cls: 1.0042, frame_0_d0.dn_loss_bbox: 2.7063, frame_0_d1.dn_loss_cls: 1.0077, frame_0_d1.dn_loss_bbox: 2.7029, frame_0_d2.dn_loss_cls: 1.0037, frame_0_d2.dn_loss_bbox: 2.7117, frame_0_d3.dn_loss_cls: 1.0029, frame_0_d3.dn_loss_bbox: 2.7100, frame_0_d4.dn_loss_cls: 0.9992, frame_0_d4.dn_loss_bbox: 2.7146, frame_0_enc_loss_cls: 0.6750, frame_0_enc_loss_bbox: 1.1120, frame_0_enc_loss_iou: 1.3428, frame_0_centers2d_losses: 0.3922, frame_0_centerness_losses: 1.6840, loss: 55.9659, grad_norm: 115.9432
2026-01-06 14:33:01,799 - mmdet - INFO - Iter [800/84384]	lr: 3.999e-04, eta: 4:51:28, time: 0.204, data_time: 0.016, memory: 6403, frame_0_loss_cls: 1.3218, frame_0_loss_bbox: 3.0955, frame_0_d0.loss_cls: 1.3244, frame_0_d0.loss_bbox: 3.0952, frame_0_d1.loss_cls: 1.3215, frame_0_d1.loss_bbox: 3.0924, frame_0_d2.loss_cls: 1.3220, frame_0_d2.loss_bbox: 3.0933, frame_0_d3.loss_cls: 1.3220, frame_0_d3.loss_bbox: 3.0920, frame_0_d4.loss_cls: 1.3226, frame_0_d4.loss_bbox: 3.1029, frame_0_dn_loss_cls: 0.9360, frame_0_dn_loss_bbox: 2.4450, frame_0_d0.dn_loss_cls: 0.9320, frame_0_d0.dn_loss_bbox: 2.4382, frame_0_d1.dn_loss_cls: 0.9387, frame_0_d1.dn_loss_bbox: 2.4389, frame_0_d2.dn_loss_cls: 0.9339, frame_0_d2.dn_loss_bbox: 2.4435, frame_0_d3.dn_loss_cls: 0.9384, frame_0_d3.dn_loss_bbox: 2.4429, frame_0_d4.dn_loss_cls: 0.9348, frame_0_d4.dn_loss_bbox: 2.4501, frame_0_enc_loss_cls: 0.6402, frame_0_enc_loss_bbox: 0.6417, frame_0_enc_loss_iou: 1.3028, frame_0_centers2d_losses: 0.3651, frame_0_centerness_losses: 1.4644, loss: 51.1920, grad_norm: 109.3105
2026-01-06 14:33:12,624 - mmdet - INFO - Iter [850/84384]	lr: 3.999e-04, eta: 4:51:53, time: 0.216, data_time: 0.016, memory: 6403, frame_0_loss_cls: 1.1520, frame_0_loss_bbox: 2.2761, frame_0_d0.loss_cls: 1.1569, frame_0_d0.loss_bbox: 2.2736, frame_0_d1.loss_cls: 1.1518, frame_0_d1.loss_bbox: 2.2636, frame_0_d2.loss_cls: 1.1544, frame_0_d2.loss_bbox: 2.2711, frame_0_d3.loss_cls: 1.1514, frame_0_d3.loss_bbox: 2.2770, frame_0_d4.loss_cls: 1.1539, frame_0_d4.loss_bbox: 2.2732, frame_0_dn_loss_cls: 0.8693, frame_0_dn_loss_bbox: 1.7437, frame_0_d0.dn_loss_cls: 0.8691, frame_0_d0.dn_loss_bbox: 1.7408, frame_0_d1.dn_loss_cls: 0.8698, frame_0_d1.dn_loss_bbox: 1.7359, frame_0_d2.dn_loss_cls: 0.8683, frame_0_d2.dn_loss_bbox: 1.7416, frame_0_d3.dn_loss_cls: 0.8709, frame_0_d3.dn_loss_bbox: 1.7422, frame_0_d4.dn_loss_cls: 0.8684, frame_0_d4.dn_loss_bbox: 1.7453, frame_0_enc_loss_cls: 0.7299, frame_0_enc_loss_bbox: 0.7230, frame_0_enc_loss_iou: 1.2403, frame_0_centers2d_losses: 0.3913, frame_0_centerness_losses: 1.2002, loss: 40.5049, grad_norm: 90.0981
2026-01-06 14:33:22,985 - mmdet - INFO - Iter [900/84384]	lr: 3.999e-04, eta: 4:51:31, time: 0.207, data_time: 0.015, memory: 6403, frame_0_loss_cls: 1.2423, frame_0_loss_bbox: 3.2796, frame_0_d0.loss_cls: 1.2439, frame_0_d0.loss_bbox: 3.2789, frame_0_d1.loss_cls: 1.2465, frame_0_d1.loss_bbox: 3.2792, frame_0_d2.loss_cls: 1.2472, frame_0_d2.loss_bbox: 3.2800, frame_0_d3.loss_cls: 1.2449, frame_0_d3.loss_bbox: 3.2811, frame_0_d4.loss_cls: 1.2508, frame_0_d4.loss_bbox: 3.2801, frame_0_dn_loss_cls: 0.8489, frame_0_dn_loss_bbox: 2.6316, frame_0_d0.dn_loss_cls: 0.8441, frame_0_d0.dn_loss_bbox: 2.6375, frame_0_d1.dn_loss_cls: 0.8469, frame_0_d1.dn_loss_bbox: 2.6413, frame_0_d2.dn_loss_cls: 0.8450, frame_0_d2.dn_loss_bbox: 2.6404, frame_0_d3.dn_loss_cls: 0.8464, frame_0_d3.dn_loss_bbox: 2.6330, frame_0_d4.dn_loss_cls: 0.8453, frame_0_d4.dn_loss_bbox: 2.6338, frame_0_enc_loss_cls: 0.7075, frame_0_enc_loss_bbox: 0.6678, frame_0_enc_loss_iou: 1.2215, frame_0_centers2d_losses: 0.3253, frame_0_centerness_losses: 1.4224, loss: 52.3932, grad_norm: 115.8473
2026-01-06 14:33:32,970 - mmdet - INFO - Iter [950/84384]	lr: 3.999e-04, eta: 4:50:37, time: 0.200, data_time: 0.015, memory: 6403, frame_0_loss_cls: 1.4311, frame_0_loss_bbox: 2.9500, frame_0_d0.loss_cls: 1.4393, frame_0_d0.loss_bbox: 2.9481, frame_0_d1.loss_cls: 1.4393, frame_0_d1.loss_bbox: 2.9430, frame_0_d2.loss_cls: 1.4417, frame_0_d2.loss_bbox: 2.9496, frame_0_d3.loss_cls: 1.4397, frame_0_d3.loss_bbox: 2.9528, frame_0_d4.loss_cls: 1.4377, frame_0_d4.loss_bbox: 2.9555, frame_0_dn_loss_cls: 1.1877, frame_0_dn_loss_bbox: 2.5338, frame_0_d0.dn_loss_cls: 1.1862, frame_0_d0.dn_loss_bbox: 2.5364, frame_0_d1.dn_loss_cls: 1.1882, frame_0_d1.dn_loss_bbox: 2.5280, frame_0_d2.dn_loss_cls: 1.1892, frame_0_d2.dn_loss_bbox: 2.5362, frame_0_d3.dn_loss_cls: 1.1851, frame_0_d3.dn_loss_bbox: 2.5379, frame_0_d4.dn_loss_cls: 1.1826, frame_0_d4.dn_loss_bbox: 2.5400, frame_0_enc_loss_cls: 0.9698, frame_0_enc_loss_bbox: 0.8019, frame_0_enc_loss_iou: 1.2322, frame_0_centers2d_losses: 0.4291, frame_0_centerness_losses: 1.6388, loss: 53.7309, grad_norm: 128.4560
2026-01-06 14:33:43,691 - mmdet - INFO - Exp name: stream_petr_r50_flash_704_bs2_seq_24e.py
2026-01-06 14:33:43,692 - mmdet - INFO - Iter [1000/84384]	lr: 3.999e-04, eta: 4:50:50, time: 0.214, data_time: 0.015, memory: 6403, frame_0_loss_cls: 1.3788, frame_0_loss_bbox: 2.7602, frame_0_d0.loss_cls: 1.3745, frame_0_d0.loss_bbox: 2.7630, frame_0_d1.loss_cls: 1.3733, frame_0_d1.loss_bbox: 2.7666, frame_0_d2.loss_cls: 1.3713, frame_0_d2.loss_bbox: 2.7695, frame_0_d3.loss_cls: 1.3700, frame_0_d3.loss_bbox: 2.7617, frame_0_d4.loss_cls: 1.3743, frame_0_d4.loss_bbox: 2.7623, frame_0_dn_loss_cls: 0.9519, frame_0_dn_loss_bbox: 1.9513, frame_0_d0.dn_loss_cls: 0.9442, frame_0_d0.dn_loss_bbox: 1.9578, frame_0_d1.dn_loss_cls: 0.9473, frame_0_d1.dn_loss_bbox: 1.9638, frame_0_d2.dn_loss_cls: 0.9496, frame_0_d2.dn_loss_bbox: 1.9627, frame_0_d3.dn_loss_cls: 0.9528, frame_0_d3.dn_loss_bbox: 1.9525, frame_0_d4.dn_loss_cls: 0.9507, frame_0_d4.dn_loss_bbox: 1.9534, frame_0_enc_loss_cls: 0.7071, frame_0_enc_loss_bbox: 0.6456, frame_0_enc_loss_iou: 1.2549, frame_0_centers2d_losses: 0.3373, frame_0_centerness_losses: 1.2820, loss: 46.4905, grad_norm: 103.6345
2026-01-06 14:33:54,312 - mmdet - INFO - Iter [1050/84384]	lr: 3.998e-04, eta: 4:50:52, time: 0.212, data_time: 0.015, memory: 6403, frame_0_loss_cls: 1.6116, frame_0_loss_bbox: 3.3304, frame_0_d0.loss_cls: 1.6359, frame_0_d0.loss_bbox: 3.3353, frame_0_d1.loss_cls: 1.6374, frame_0_d1.loss_bbox: 3.3418, frame_0_d2.loss_cls: 1.6249, frame_0_d2.loss_bbox: 3.3404, frame_0_d3.loss_cls: 1.6151, frame_0_d3.loss_bbox: 3.3367, frame_0_d4.loss_cls: 1.6161, frame_0_d4.loss_bbox: 3.3304, frame_0_dn_loss_cls: 0.9666, frame_0_dn_loss_bbox: 2.6232, frame_0_d0.dn_loss_cls: 0.9620, frame_0_d0.dn_loss_bbox: 2.6448, frame_0_d1.dn_loss_cls: 0.9619, frame_0_d1.dn_loss_bbox: 2.6328, frame_0_d2.dn_loss_cls: 0.9653, frame_0_d2.dn_loss_bbox: 2.6328, frame_0_d3.dn_loss_cls: 0.9678, frame_0_d3.dn_loss_bbox: 2.6267, frame_0_d4.dn_loss_cls: 0.9671, frame_0_d4.dn_loss_bbox: 2.6215, frame_0_enc_loss_cls: 0.8429, frame_0_enc_loss_bbox: 0.6056, frame_0_enc_loss_iou: 1.2188, frame_0_centers2d_losses: 0.3263, frame_0_centerness_losses: 1.4155, loss: 55.7377, grad_norm: 135.0627
2026-01-06 14:34:04,130 - mmdet - INFO - Iter [1100/84384]	lr: 3.998e-04, eta: 4:49:52, time: 0.196, data_time: 0.015, memory: 6403, frame_0_loss_cls: 1.3226, frame_0_loss_bbox: 3.6297, frame_0_d0.loss_cls: 1.3292, frame_0_d0.loss_bbox: 3.6403, frame_0_d1.loss_cls: 1.3291, frame_0_d1.loss_bbox: 3.6325, frame_0_d2.loss_cls: 1.3263, frame_0_d2.loss_bbox: 3.6400, frame_0_d3.loss_cls: 1.3266, frame_0_d3.loss_bbox: 3.6331, frame_0_d4.loss_cls: 1.3245, frame_0_d4.loss_bbox: 3.6254, frame_0_dn_loss_cls: 1.0920, frame_0_dn_loss_bbox: 3.1191, frame_0_d0.dn_loss_cls: 1.0890, frame_0_d0.dn_loss_bbox: 3.1104, frame_0_d1.dn_loss_cls: 1.0906, frame_0_d1.dn_loss_bbox: 3.1076, frame_0_d2.dn_loss_cls: 1.0919, frame_0_d2.dn_loss_bbox: 3.1061, frame_0_d3.dn_loss_cls: 1.0893, frame_0_d3.dn_loss_bbox: 3.1046, frame_0_d4.dn_loss_cls: 1.0894, frame_0_d4.dn_loss_bbox: 3.0973, frame_0_enc_loss_cls: 0.6782, frame_0_enc_loss_bbox: 0.5806, frame_0_enc_loss_iou: 1.2786, frame_0_centers2d_losses: 0.3228, frame_0_centerness_losses: 1.4287, loss: 59.2352, grad_norm: 116.3494
2026-01-06 14:34:14,886 - mmdet - INFO - Iter [1150/84384]	lr: 3.998e-04, eta: 4:50:04, time: 0.215, data_time: 0.016, memory: 6403, frame_0_loss_cls: 1.1380, frame_0_loss_bbox: 2.4658, frame_0_d0.loss_cls: 1.1385, frame_0_d0.loss_bbox: 2.4693, frame_0_d1.loss_cls: 1.1388, frame_0_d1.loss_bbox: 2.4658, frame_0_d2.loss_cls: 1.1360, frame_0_d2.loss_bbox: 2.4661, frame_0_d3.loss_cls: 1.1401, frame_0_d3.loss_bbox: 2.4644, frame_0_d4.loss_cls: 1.1412, frame_0_d4.loss_bbox: 2.4675, frame_0_dn_loss_cls: 0.8558, frame_0_dn_loss_bbox: 1.7532, frame_0_d0.dn_loss_cls: 0.8483, frame_0_d0.dn_loss_bbox: 1.7539, frame_0_d1.dn_loss_cls: 0.8522, frame_0_d1.dn_loss_bbox: 1.7521, frame_0_d2.dn_loss_cls: 0.8574, frame_0_d2.dn_loss_bbox: 1.7507, frame_0_d3.dn_loss_cls: 0.8554, frame_0_d3.dn_loss_bbox: 1.7496, frame_0_d4.dn_loss_cls: 0.8538, frame_0_d4.dn_loss_bbox: 1.7489, frame_0_enc_loss_cls: 0.6341, frame_0_enc_loss_bbox: 0.6611, frame_0_enc_loss_iou: 1.2770, frame_0_centers2d_losses: 0.3588, frame_0_centerness_losses: 1.2774, loss: 41.4711, grad_norm: 80.9935
2026-01-06 14:34:25,633 - mmdet - INFO - Iter [1200/84384]	lr: 3.998e-04, eta: 4:50:14, time: 0.215, data_time: 0.016, memory: 6403, frame_0_loss_cls: 1.2998, frame_0_loss_bbox: 2.4197, frame_0_d0.loss_cls: 1.3015, frame_0_d0.loss_bbox: 2.4169, frame_0_d1.loss_cls: 1.3008, frame_0_d1.loss_bbox: 2.4190, frame_0_d2.loss_cls: 1.2995, frame_0_d2.loss_bbox: 2.4184, frame_0_d3.loss_cls: 1.3023, frame_0_d3.loss_bbox: 2.4211, frame_0_d4.loss_cls: 1.3010, frame_0_d4.loss_bbox: 2.4209, frame_0_dn_loss_cls: 1.0322, frame_0_dn_loss_bbox: 1.8982, frame_0_d0.dn_loss_cls: 1.0299, frame_0_d0.dn_loss_bbox: 1.8906, frame_0_d1.dn_loss_cls: 1.0308, frame_0_d1.dn_loss_bbox: 1.8963, frame_0_d2.dn_loss_cls: 1.0351, frame_0_d2.dn_loss_bbox: 1.8937, frame_0_d3.dn_loss_cls: 1.0316, frame_0_d3.dn_loss_bbox: 1.8922, frame_0_d4.dn_loss_cls: 1.0310, frame_0_d4.dn_loss_bbox: 1.8938, frame_0_enc_loss_cls: 0.9066, frame_0_enc_loss_bbox: 0.9418, frame_0_enc_loss_iou: 1.2503, frame_0_centers2d_losses: 0.4435, frame_0_centerness_losses: 1.5384, loss: 44.9570, grad_norm: 93.6254
2026-01-06 14:34:35,987 - mmdet - INFO - Iter [1250/84384]	lr: 3.998e-04, eta: 4:49:56, time: 0.207, data_time: 0.016, memory: 6403, frame_0_loss_cls: 1.4209, frame_0_loss_bbox: 2.5652, frame_0_d0.loss_cls: 1.4139, frame_0_d0.loss_bbox: 2.5411, frame_0_d1.loss_cls: 1.4281, frame_0_d1.loss_bbox: 2.5633, frame_0_d2.loss_cls: 1.4232, frame_0_d2.loss_bbox: 2.5683, frame_0_d3.loss_cls: 1.4227, frame_0_d3.loss_bbox: 2.5632, frame_0_d4.loss_cls: 1.4252, frame_0_d4.loss_bbox: 2.5494, frame_0_dn_loss_cls: 0.9621, frame_0_dn_loss_bbox: 2.0953, frame_0_d0.dn_loss_cls: 0.9607, frame_0_d0.dn_loss_bbox: 2.0834, frame_0_d1.dn_loss_cls: 0.9597, frame_0_d1.dn_loss_bbox: 2.0953, frame_0_d2.dn_loss_cls: 0.9601, frame_0_d2.dn_loss_bbox: 2.0968, frame_0_d3.dn_loss_cls: 0.9598, frame_0_d3.dn_loss_bbox: 2.0923, frame_0_d4.dn_loss_cls: 0.9601, frame_0_d4.dn_loss_bbox: 2.0806, frame_0_enc_loss_cls: 0.8386, frame_0_enc_loss_bbox: 0.8303, frame_0_enc_loss_iou: 1.2715, frame_0_centers2d_losses: 0.4263, frame_0_centerness_losses: 1.5706, loss: 47.1279, grad_norm: 98.3613
2026-01-06 14:34:46,261 - mmdet - INFO - Iter [1300/84384]	lr: 3.998e-04, eta: 4:49:33, time: 0.205, data_time: 0.015, memory: 6403, frame_0_loss_cls: 1.1299, frame_0_loss_bbox: 3.0605, frame_0_d0.loss_cls: 1.1295, frame_0_d0.loss_bbox: 3.0139, frame_0_d1.loss_cls: 1.1340, frame_0_d1.loss_bbox: 3.0503, frame_0_d2.loss_cls: 1.1324, frame_0_d2.loss_bbox: 3.0838, frame_0_d3.loss_cls: 1.1319, frame_0_d3.loss_bbox: 3.0662, frame_0_d4.loss_cls: 1.1351, frame_0_d4.loss_bbox: 3.0643, frame_0_dn_loss_cls: 0.7761, frame_0_dn_loss_bbox: 2.7305, frame_0_d0.dn_loss_cls: 0.7753, frame_0_d0.dn_loss_bbox: 2.6933, frame_0_d1.dn_loss_cls: 0.7738, frame_0_d1.dn_loss_bbox: 2.7285, frame_0_d2.dn_loss_cls: 0.7726, frame_0_d2.dn_loss_bbox: 2.7557, frame_0_d3.dn_loss_cls: 0.7748, frame_0_d3.dn_loss_bbox: 2.7440, frame_0_d4.dn_loss_cls: 0.7755, frame_0_d4.dn_loss_bbox: 2.7599, frame_0_enc_loss_cls: 0.7022, frame_0_enc_loss_bbox: 0.6143, frame_0_enc_loss_iou: 1.1730, frame_0_centers2d_losses: 0.3612, frame_0_centerness_losses: 1.2265, loss: 50.2690, grad_norm: 102.8864
2026-01-06 14:34:56,685 - mmdet - INFO - Iter [1350/84384]	lr: 3.997e-04, eta: 4:49:21, time: 0.208, data_time: 0.016, memory: 6403, frame_0_loss_cls: 1.2418, frame_0_loss_bbox: 2.2476, frame_0_d0.loss_cls: 1.2492, frame_0_d0.loss_bbox: 2.2478, frame_0_d1.loss_cls: 1.2405, frame_0_d1.loss_bbox: 2.2484, frame_0_d2.loss_cls: 1.2397, frame_0_d2.loss_bbox: 2.2455, frame_0_d3.loss_cls: 1.2487, frame_0_d3.loss_bbox: 2.2545, frame_0_d4.loss_cls: 1.2403, frame_0_d4.loss_bbox: 2.2472, frame_0_dn_loss_cls: 0.9299, frame_0_dn_loss_bbox: 1.7877, frame_0_d0.dn_loss_cls: 0.9245, frame_0_d0.dn_loss_bbox: 1.8118, frame_0_d1.dn_loss_cls: 0.9265, frame_0_d1.dn_loss_bbox: 1.7902, frame_0_d2.dn_loss_cls: 0.9246, frame_0_d2.dn_loss_bbox: 1.7962, frame_0_d3.dn_loss_cls: 0.9245, frame_0_d3.dn_loss_bbox: 1.8006, frame_0_d4.dn_loss_cls: 0.9259, frame_0_d4.dn_loss_bbox: 1.7971, frame_0_enc_loss_cls: 0.7866, frame_0_enc_loss_bbox: 0.7000, frame_0_enc_loss_iou: 1.1889, frame_0_centers2d_losses: 0.3698, frame_0_centerness_losses: 1.2720, loss: 41.6080, grad_norm: 108.2867
2026-01-06 14:35:07,327 - mmdet - INFO - Iter [1400/84384]	lr: 3.997e-04, eta: 4:49:21, time: 0.213, data_time: 0.015, memory: 6403, frame_0_loss_cls: 1.4598, frame_0_loss_bbox: 3.2173, frame_0_d0.loss_cls: 1.4774, frame_0_d0.loss_bbox: 3.2015, frame_0_d1.loss_cls: 1.4721, frame_0_d1.loss_bbox: 3.2159, frame_0_d2.loss_cls: 1.4725, frame_0_d2.loss_bbox: 3.2050, frame_0_d3.loss_cls: 1.4749, frame_0_d3.loss_bbox: 3.2158, frame_0_d4.loss_cls: 1.4750, frame_0_d4.loss_bbox: 3.2097, frame_0_dn_loss_cls: 1.0340, frame_0_dn_loss_bbox: 2.5209, frame_0_d0.dn_loss_cls: 1.0309, frame_0_d0.dn_loss_bbox: 2.5049, frame_0_d1.dn_loss_cls: 1.0323, frame_0_d1.dn_loss_bbox: 2.5200, frame_0_d2.dn_loss_cls: 1.0323, frame_0_d2.dn_loss_bbox: 2.5118, frame_0_d3.dn_loss_cls: 1.0314, frame_0_d3.dn_loss_bbox: 2.5229, frame_0_d4.dn_loss_cls: 1.0307, frame_0_d4.dn_loss_bbox: 2.5113, frame_0_enc_loss_cls: 0.6504, frame_0_enc_loss_bbox: 0.6222, frame_0_enc_loss_iou: 1.3520, frame_0_centers2d_losses: 0.3658, frame_0_centerness_losses: 1.2663, loss: 53.6371, grad_norm: 109.7001
2026-01-06 14:35:17,128 - mmdet - INFO - Iter [1450/84384]	lr: 3.997e-04, eta: 4:48:33, time: 0.196, data_time: 0.015, memory: 6403, frame_0_loss_cls: 1.4027, frame_0_loss_bbox: 3.0393, frame_0_d0.loss_cls: 1.4007, frame_0_d0.loss_bbox: 3.0355, frame_0_d1.loss_cls: 1.4066, frame_0_d1.loss_bbox: 3.0501, frame_0_d2.loss_cls: 1.4015, frame_0_d2.loss_bbox: 3.0255, frame_0_d3.loss_cls: 1.4050, frame_0_d3.loss_bbox: 3.0463, frame_0_d4.loss_cls: 1.4035, frame_0_d4.loss_bbox: 3.0420, frame_0_dn_loss_cls: 1.0204, frame_0_dn_loss_bbox: 2.6306, frame_0_d0.dn_loss_cls: 1.0259, frame_0_d0.dn_loss_bbox: 2.6310, frame_0_d1.dn_loss_cls: 1.0237, frame_0_d1.dn_loss_bbox: 2.6390, frame_0_d2.dn_loss_cls: 1.0240, frame_0_d2.dn_loss_bbox: 2.6202, frame_0_d3.dn_loss_cls: 1.0206, frame_0_d3.dn_loss_bbox: 2.6331, frame_0_d4.dn_loss_cls: 1.0205, frame_0_d4.dn_loss_bbox: 2.6298, frame_0_enc_loss_cls: 0.9521, frame_0_enc_loss_bbox: 0.7288, frame_0_enc_loss_iou: 1.1603, frame_0_centers2d_losses: 0.3725, frame_0_centerness_losses: 1.6806, loss: 53.4718, grad_norm: 112.5951
2026-01-06 14:35:27,432 - mmdet - INFO - Iter [1500/84384]	lr: 3.997e-04, eta: 4:48:15, time: 0.206, data_time: 0.016, memory: 6403, frame_0_loss_cls: 1.3023, frame_0_loss_bbox: 2.4967, frame_0_d0.loss_cls: 1.3021, frame_0_d0.loss_bbox: 2.5006, frame_0_d1.loss_cls: 1.2999, frame_0_d1.loss_bbox: 2.4960, frame_0_d2.loss_cls: 1.2999, frame_0_d2.loss_bbox: 2.5006, frame_0_d3.loss_cls: 1.3015, frame_0_d3.loss_bbox: 2.4963, frame_0_d4.loss_cls: 1.3022, frame_0_d4.loss_bbox: 2.4963, frame_0_dn_loss_cls: 0.9775, frame_0_dn_loss_bbox: 1.9404, frame_0_d0.dn_loss_cls: 0.9758, frame_0_d0.dn_loss_bbox: 1.9496, frame_0_d1.dn_loss_cls: 0.9767, frame_0_d1.dn_loss_bbox: 1.9438, frame_0_d2.dn_loss_cls: 0.9778, frame_0_d2.dn_loss_bbox: 1.9426, frame_0_d3.dn_loss_cls: 0.9771, frame_0_d3.dn_loss_bbox: 1.9433, frame_0_d4.dn_loss_cls: 0.9781, frame_0_d4.dn_loss_bbox: 1.9408, frame_0_enc_loss_cls: 0.7976, frame_0_enc_loss_bbox: 0.6821, frame_0_enc_loss_iou: 1.2565, frame_0_centers2d_losses: 0.3588, frame_0_centerness_losses: 1.3197, loss: 44.7324, grad_norm: 98.7699
2026-01-06 14:35:38,278 - mmdet - INFO - Iter [1550/84384]	lr: 3.997e-04, eta: 4:48:27, time: 0.217, data_time: 0.016, memory: 6403, frame_0_loss_cls: 1.3284, frame_0_loss_bbox: 2.5720, frame_0_d0.loss_cls: 1.3346, frame_0_d0.loss_bbox: 2.5651, frame_0_d1.loss_cls: 1.3304, frame_0_d1.loss_bbox: 2.5685, frame_0_d2.loss_cls: 1.3297, frame_0_d2.loss_bbox: 2.5717, frame_0_d3.loss_cls: 1.3294, frame_0_d3.loss_bbox: 2.5718, frame_0_d4.loss_cls: 1.3292, frame_0_d4.loss_bbox: 2.5721, frame_0_dn_loss_cls: 0.9106, frame_0_dn_loss_bbox: 2.0353, frame_0_d0.dn_loss_cls: 0.9088, frame_0_d0.dn_loss_bbox: 2.0313, frame_0_d1.dn_loss_cls: 0.9112, frame_0_d1.dn_loss_bbox: 2.0369, frame_0_d2.dn_loss_cls: 0.9110, frame_0_d2.dn_loss_bbox: 2.0362, frame_0_d3.dn_loss_cls: 0.9111, frame_0_d3.dn_loss_bbox: 2.0366, frame_0_d4.dn_loss_cls: 0.9103, frame_0_d4.dn_loss_bbox: 2.0360, frame_0_enc_loss_cls: 0.9201, frame_0_enc_loss_bbox: 0.6969, frame_0_enc_loss_iou: 1.2289, frame_0_centers2d_losses: 0.4177, frame_0_centerness_losses: 1.3287, loss: 45.6703, grad_norm: 90.7502
2026-01-06 14:35:48,478 - mmdet - INFO - Iter [1600/84384]	lr: 3.996e-04, eta: 4:48:04, time: 0.204, data_time: 0.015, memory: 6403, frame_0_loss_cls: 1.6206, frame_0_loss_bbox: 3.3760, frame_0_d0.loss_cls: 1.6006, frame_0_d0.loss_bbox: 3.3766, frame_0_d1.loss_cls: 1.5953, frame_0_d1.loss_bbox: 3.3784, frame_0_d2.loss_cls: 1.6005, frame_0_d2.loss_bbox: 3.3762, frame_0_d3.loss_cls: 1.6133, frame_0_d3.loss_bbox: 3.3756, frame_0_d4.loss_cls: 1.6166, frame_0_d4.loss_bbox: 3.3756, frame_0_dn_loss_cls: 0.8936, frame_0_dn_loss_bbox: 2.8732, frame_0_d0.dn_loss_cls: 0.8944, frame_0_d0.dn_loss_bbox: 2.8769, frame_0_d1.dn_loss_cls: 0.8963, frame_0_d1.dn_loss_bbox: 2.8769, frame_0_d2.dn_loss_cls: 0.8958, frame_0_d2.dn_loss_bbox: 2.8731, frame_0_d3.dn_loss_cls: 0.8939, frame_0_d3.dn_loss_bbox: 2.8730, frame_0_d4.dn_loss_cls: 0.8934, frame_0_d4.dn_loss_bbox: 2.8728, frame_0_enc_loss_cls: 0.8680, frame_0_enc_loss_bbox: 0.6531, frame_0_enc_loss_iou: 1.2064, frame_0_centers2d_losses: 0.3566, frame_0_centerness_losses: 1.5718, loss: 57.1746, grad_norm: 154.9253
2026-01-06 14:35:59,041 - mmdet - INFO - Iter [1650/84384]	lr: 3.996e-04, eta: 4:47:59, time: 0.211, data_time: 0.015, memory: 6403, frame_0_loss_cls: 1.3122, frame_0_loss_bbox: 3.7096, frame_0_d0.loss_cls: 1.3174, frame_0_d0.loss_bbox: 3.7076, frame_0_d1.loss_cls: 1.3166, frame_0_d1.loss_bbox: 3.7081, frame_0_d2.loss_cls: 1.3127, frame_0_d2.loss_bbox: 3.7097, frame_0_d3.loss_cls: 1.3108, frame_0_d3.loss_bbox: 3.7094, frame_0_d4.loss_cls: 1.3101, frame_0_d4.loss_bbox: 3.7095, frame_0_dn_loss_cls: 0.9700, frame_0_dn_loss_bbox: 3.1806, frame_0_d0.dn_loss_cls: 0.9617, frame_0_d0.dn_loss_bbox: 3.1792, frame_0_d1.dn_loss_cls: 0.9621, frame_0_d1.dn_loss_bbox: 3.1793, frame_0_d2.dn_loss_cls: 0.9646, frame_0_d2.dn_loss_bbox: 3.1803, frame_0_d3.dn_loss_cls: 0.9686, frame_0_d3.dn_loss_bbox: 3.1803, frame_0_d4.dn_loss_cls: 0.9711, frame_0_d4.dn_loss_bbox: 3.1802, frame_0_enc_loss_cls: 0.5938, frame_0_enc_loss_bbox: 0.5993, frame_0_enc_loss_iou: 1.3262, frame_0_centers2d_losses: 0.3389, frame_0_centerness_losses: 1.2681, loss: 59.1380, grad_norm: 107.5360
2026-01-06 14:36:08,793 - mmdet - INFO - Iter [1700/84384]	lr: 3.996e-04, eta: 4:47:15, time: 0.195, data_time: 0.015, memory: 6403, frame_0_loss_cls: 1.3951, frame_0_loss_bbox: 3.2967, frame_0_d0.loss_cls: 1.3971, frame_0_d0.loss_bbox: 3.2965, frame_0_d1.loss_cls: 1.3979, frame_0_d1.loss_bbox: 3.2964, frame_0_d2.loss_cls: 1.3975, frame_0_d2.loss_bbox: 3.2964, frame_0_d3.loss_cls: 1.3957, frame_0_d3.loss_bbox: 3.2964, frame_0_d4.loss_cls: 1.3947, frame_0_d4.loss_bbox: 3.2966, frame_0_dn_loss_cls: 1.0166, frame_0_dn_loss_bbox: 2.9704, frame_0_d0.dn_loss_cls: 1.0111, frame_0_d0.dn_loss_bbox: 2.9696, frame_0_d1.dn_loss_cls: 1.0128, frame_0_d1.dn_loss_bbox: 2.9697, frame_0_d2.dn_loss_cls: 1.0137, frame_0_d2.dn_loss_bbox: 2.9701, frame_0_d3.dn_loss_cls: 1.0133, frame_0_d3.dn_loss_bbox: 2.9701, frame_0_d4.dn_loss_cls: 1.0141, frame_0_d4.dn_loss_bbox: 2.9702, frame_0_enc_loss_cls: 0.9621, frame_0_enc_loss_bbox: 0.6998, frame_0_enc_loss_iou: 1.1593, frame_0_centers2d_losses: 0.3944, frame_0_centerness_losses: 1.5137, loss: 56.7880, grad_norm: 120.6943
2026-01-06 14:36:19,448 - mmdet - INFO - Iter [1750/84384]	lr: 3.996e-04, eta: 4:47:16, time: 0.213, data_time: 0.016, memory: 6403, frame_0_loss_cls: 1.1761, frame_0_loss_bbox: 2.2962, frame_0_d0.loss_cls: 1.1846, frame_0_d0.loss_bbox: 2.2962, frame_0_d1.loss_cls: 1.1803, frame_0_d1.loss_bbox: 2.2962, frame_0_d2.loss_cls: 1.1805, frame_0_d2.loss_bbox: 2.2962, frame_0_d3.loss_cls: 1.1800, frame_0_d3.loss_bbox: 2.2963, frame_0_d4.loss_cls: 1.1793, frame_0_d4.loss_bbox: 2.2961, frame_0_dn_loss_cls: 0.9056, frame_0_dn_loss_bbox: 1.7691, frame_0_d0.dn_loss_cls: 0.8966, frame_0_d0.dn_loss_bbox: 1.7692, frame_0_d1.dn_loss_cls: 0.9042, frame_0_d1.dn_loss_bbox: 1.7692, frame_0_d2.dn_loss_cls: 0.9027, frame_0_d2.dn_loss_bbox: 1.7691, frame_0_d3.dn_loss_cls: 0.9036, frame_0_d3.dn_loss_bbox: 1.7691, frame_0_d4.dn_loss_cls: 0.9040, frame_0_d4.dn_loss_bbox: 1.7691, frame_0_enc_loss_cls: 0.7749, frame_0_enc_loss_bbox: 0.6545, frame_0_enc_loss_iou: 1.1803, frame_0_centers2d_losses: 0.3317, frame_0_centerness_losses: 1.2690, loss: 41.0999, grad_norm: 87.0019
2026-01-06 14:36:29,404 - mmdet - INFO - Iter [1800/84384]	lr: 3.996e-04, eta: 4:46:44, time: 0.199, data_time: 0.015, memory: 6403, frame_0_loss_cls: 1.4618, frame_0_loss_bbox: 3.0080, frame_0_d0.loss_cls: 1.4602, frame_0_d0.loss_bbox: 3.0070, frame_0_d1.loss_cls: 1.4650, frame_0_d1.loss_bbox: 3.0081, frame_0_d2.loss_cls: 1.4639, frame_0_d2.loss_bbox: 3.0080, frame_0_d3.loss_cls: 1.4652, frame_0_d3.loss_bbox: 3.0081, frame_0_d4.loss_cls: 1.4648, frame_0_d4.loss_bbox: 3.0081, frame_0_dn_loss_cls: 0.9649, frame_0_dn_loss_bbox: 2.6660, frame_0_d0.dn_loss_cls: 0.9606, frame_0_d0.dn_loss_bbox: 2.6662, frame_0_d1.dn_loss_cls: 0.9628, frame_0_d1.dn_loss_bbox: 2.6658, frame_0_d2.dn_loss_cls: 0.9640, frame_0_d2.dn_loss_bbox: 2.6659, frame_0_d3.dn_loss_cls: 0.9641, frame_0_d3.dn_loss_bbox: 2.6659, frame_0_d4.dn_loss_cls: 0.9641, frame_0_d4.dn_loss_bbox: 2.6659, frame_0_enc_loss_cls: 0.9861, frame_0_enc_loss_bbox: 0.6144, frame_0_enc_loss_iou: 1.1890, frame_0_centers2d_losses: 0.3843, frame_0_centerness_losses: 1.5069, loss: 53.2852, grad_norm: 118.6529
2026-01-06 14:36:39,891 - mmdet - INFO - Iter [1850/84384]	lr: 3.995e-04, eta: 4:46:36, time: 0.210, data_time: 0.016, memory: 6403, frame_0_loss_cls: 1.2821, frame_0_loss_bbox: 2.9289, frame_0_d0.loss_cls: 1.2937, frame_0_d0.loss_bbox: 2.9288, frame_0_d1.loss_cls: 1.2884, frame_0_d1.loss_bbox: 2.9289, frame_0_d2.loss_cls: 1.2866, frame_0_d2.loss_bbox: 2.9289, frame_0_d3.loss_cls: 1.2845, frame_0_d3.loss_bbox: 2.9289, frame_0_d4.loss_cls: 1.2837, frame_0_d4.loss_bbox: 2.9289, frame_0_dn_loss_cls: 1.0199, frame_0_dn_loss_bbox: 2.3657, frame_0_d0.dn_loss_cls: 1.0082, frame_0_d0.dn_loss_bbox: 2.3655, frame_0_d1.dn_loss_cls: 1.0172, frame_0_d1.dn_loss_bbox: 2.3655, frame_0_d2.dn_loss_cls: 1.0181, frame_0_d2.dn_loss_bbox: 2.3655, frame_0_d3.dn_loss_cls: 1.0178, frame_0_d3.dn_loss_bbox: 2.3655, frame_0_d4.dn_loss_cls: 1.0177, frame_0_d4.dn_loss_bbox: 2.3655, frame_0_enc_loss_cls: 0.7159, frame_0_enc_loss_bbox: 0.5894, frame_0_enc_loss_iou: 1.2834, frame_0_centers2d_losses: 0.3217, frame_0_centerness_losses: 1.2543, loss: 49.7492, grad_norm: 95.5530
2026-01-06 14:36:50,316 - mmdet - INFO - Iter [1900/84384]	lr: 3.995e-04, eta: 4:46:26, time: 0.208, data_time: 0.015, memory: 6403, frame_0_loss_cls: 1.3638, frame_0_loss_bbox: 2.6456, frame_0_d0.loss_cls: 1.3799, frame_0_d0.loss_bbox: 2.6445, frame_0_d1.loss_cls: 1.3646, frame_0_d1.loss_bbox: 2.6453, frame_0_d2.loss_cls: 1.3645, frame_0_d2.loss_bbox: 2.6453, frame_0_d3.loss_cls: 1.3630, frame_0_d3.loss_bbox: 2.6453, frame_0_d4.loss_cls: 1.3655, frame_0_d4.loss_bbox: 2.6453, frame_0_dn_loss_cls: 0.8866, frame_0_dn_loss_bbox: 2.1112, frame_0_d0.dn_loss_cls: 0.8728, frame_0_d0.dn_loss_bbox: 2.1139, frame_0_d1.dn_loss_cls: 0.8858, frame_0_d1.dn_loss_bbox: 2.1112, frame_0_d2.dn_loss_cls: 0.8848, frame_0_d2.dn_loss_bbox: 2.1111, frame_0_d3.dn_loss_cls: 0.8856, frame_0_d3.dn_loss_bbox: 2.1112, frame_0_d4.dn_loss_cls: 0.8847, frame_0_d4.dn_loss_bbox: 2.1112, frame_0_enc_loss_cls: 0.8297, frame_0_enc_loss_bbox: 0.6422, frame_0_enc_loss_iou: 1.1800, frame_0_centers2d_losses: 0.3419, frame_0_centerness_losses: 1.3531, loss: 46.3894, grad_norm: 105.8067
2026-01-06 14:37:00,538 - mmdet - INFO - Iter [1950/84384]	lr: 3.995e-04, eta: 4:46:08, time: 0.204, data_time: 0.016, memory: 6403, frame_0_loss_cls: 1.3842, frame_0_loss_bbox: 2.5052, frame_0_d0.loss_cls: 1.3814, frame_0_d0.loss_bbox: 2.5057, frame_0_d1.loss_cls: 1.3818, frame_0_d1.loss_bbox: 2.5056, frame_0_d2.loss_cls: 1.3821, frame_0_d2.loss_bbox: 2.5054, frame_0_d3.loss_cls: 1.3860, frame_0_d3.loss_bbox: 2.5055, frame_0_d4.loss_cls: 1.3859, frame_0_d4.loss_bbox: 2.5055, frame_0_dn_loss_cls: 0.9919, frame_0_dn_loss_bbox: 2.1550, frame_0_d0.dn_loss_cls: 0.9757, frame_0_d0.dn_loss_bbox: 2.1645, frame_0_d1.dn_loss_cls: 0.9929, frame_0_d1.dn_loss_bbox: 2.1542, frame_0_d2.dn_loss_cls: 0.9928, frame_0_d2.dn_loss_bbox: 2.1542, frame_0_d3.dn_loss_cls: 0.9916, frame_0_d3.dn_loss_bbox: 2.1542, frame_0_d4.dn_loss_cls: 0.9904, frame_0_d4.dn_loss_bbox: 2.1542, frame_0_enc_loss_cls: 1.0856, frame_0_enc_loss_bbox: 0.8269, frame_0_enc_loss_iou: 1.1959, frame_0_centers2d_losses: 0.5030, frame_0_centerness_losses: 1.6562, loss: 47.4732, grad_norm: 105.9929
2026-01-06 14:37:10,795 - mmdet - INFO - Exp name: stream_petr_r50_flash_704_bs2_seq_24e.py
2026-01-06 14:37:10,795 - mmdet - INFO - Iter [2000/84384]	lr: 3.994e-04, eta: 4:45:51, time: 0.205, data_time: 0.016, memory: 6403, frame_0_loss_cls: 1.1676, frame_0_loss_bbox: 2.3572, frame_0_d0.loss_cls: 1.1240, frame_0_d0.loss_bbox: 2.4099, frame_0_d1.loss_cls: 1.1686, frame_0_d1.loss_bbox: 2.3565, frame_0_d2.loss_cls: 1.1672, frame_0_d2.loss_bbox: 2.3570, frame_0_d3.loss_cls: 1.1698, frame_0_d3.loss_bbox: 2.3571, frame_0_d4.loss_cls: 1.1699, frame_0_d4.loss_bbox: 2.3570, frame_0_dn_loss_cls: 0.9173, frame_0_dn_loss_bbox: 2.0561, frame_0_d0.dn_loss_cls: 0.8788, frame_0_d0.dn_loss_bbox: 2.0181, frame_0_d1.dn_loss_cls: 0.9135, frame_0_d1.dn_loss_bbox: 2.0561, frame_0_d2.dn_loss_cls: 0.9154, frame_0_d2.dn_loss_bbox: 2.0557, frame_0_d3.dn_loss_cls: 0.9119, frame_0_d3.dn_loss_bbox: 2.0558, frame_0_d4.dn_loss_cls: 0.9128, frame_0_d4.dn_loss_bbox: 2.0557, frame_0_enc_loss_cls: 1.0287, frame_0_enc_loss_bbox: 0.6962, frame_0_enc_loss_iou: 1.1012, frame_0_centers2d_losses: 0.3771, frame_0_centerness_losses: 1.3974, loss: 43.5095, grad_norm: 91.2003
2026-01-06 14:37:21,082 - mmdet - INFO - Iter [2050/84384]	lr: 3.994e-04, eta: 4:45:35, time: 0.206, data_time: 0.015, memory: 6403, frame_0_loss_cls: 1.3395, frame_0_loss_bbox: 3.1091, frame_0_d0.loss_cls: 1.3269, frame_0_d0.loss_bbox: 3.0900, frame_0_d1.loss_cls: 1.3354, frame_0_d1.loss_bbox: 3.1035, frame_0_d2.loss_cls: 1.3378, frame_0_d2.loss_bbox: 3.1086, frame_0_d3.loss_cls: 1.3416, frame_0_d3.loss_bbox: 3.1095, frame_0_d4.loss_cls: 1.3403, frame_0_d4.loss_bbox: 3.1100, frame_0_dn_loss_cls: 0.9835, frame_0_dn_loss_bbox: 2.6465, frame_0_d0.dn_loss_cls: 0.9873, frame_0_d0.dn_loss_bbox: 2.6326, frame_0_d1.dn_loss_cls: 0.9854, frame_0_d1.dn_loss_bbox: 2.6430, frame_0_d2.dn_loss_cls: 0.9843, frame_0_d2.dn_loss_bbox: 2.6437, frame_0_d3.dn_loss_cls: 0.9822, frame_0_d3.dn_loss_bbox: 2.6430, frame_0_d4.dn_loss_cls: 0.9845, frame_0_d4.dn_loss_bbox: 2.6463, frame_0_enc_loss_cls: 0.7251, frame_0_enc_loss_bbox: 0.6020, frame_0_enc_loss_iou: 1.2956, frame_0_centers2d_losses: 0.3585, frame_0_centerness_losses: 1.3007, loss: 52.6963, grad_norm: 111.1934
2026-01-06 14:37:32,336 - mmdet - INFO - Iter [2100/84384]	lr: 3.994e-04, eta: 4:45:58, time: 0.225, data_time: 0.016, memory: 6403, frame_0_loss_cls: 1.1282, frame_0_loss_bbox: 2.6185, frame_0_d0.loss_cls: 1.1342, frame_0_d0.loss_bbox: 2.6181, frame_0_d1.loss_cls: 1.1324, frame_0_d1.loss_bbox: 2.6186, frame_0_d2.loss_cls: 1.1321, frame_0_d2.loss_bbox: 2.6186, frame_0_d3.loss_cls: 1.1327, frame_0_d3.loss_bbox: 2.6184, frame_0_d4.loss_cls: 1.1311, frame_0_d4.loss_bbox: 2.6183, frame_0_dn_loss_cls: 0.9656, frame_0_dn_loss_bbox: 1.8388, frame_0_d0.dn_loss_cls: 0.9554, frame_0_d0.dn_loss_bbox: 1.8385, frame_0_d1.dn_loss_cls: 0.9619, frame_0_d1.dn_loss_bbox: 1.8389, frame_0_d2.dn_loss_cls: 0.9613, frame_0_d2.dn_loss_bbox: 1.8388, frame_0_d3.dn_loss_cls: 0.9630, frame_0_d3.dn_loss_bbox: 1.8388, frame_0_d4.dn_loss_cls: 0.9654, frame_0_d4.dn_loss_bbox: 1.8389, frame_0_enc_loss_cls: 0.6505, frame_0_enc_loss_bbox: 0.5962, frame_0_enc_loss_iou: 1.2825, frame_0_centers2d_losses: 0.3513, frame_0_centerness_losses: 1.1896, loss: 43.3767, grad_norm: 79.1283
2026-01-06 14:37:42,154 - mmdet - INFO - Iter [2150/84384]	lr: 3.994e-04, eta: 4:45:24, time: 0.196, data_time: 0.014, memory: 6403, frame_0_loss_cls: 1.4175, frame_0_loss_bbox: 3.4085, frame_0_d0.loss_cls: 1.4373, frame_0_d0.loss_bbox: 3.4088, frame_0_d1.loss_cls: 1.4229, frame_0_d1.loss_bbox: 3.4085, frame_0_d2.loss_cls: 1.4220, frame_0_d2.loss_bbox: 3.4085, frame_0_d3.loss_cls: 1.4241, frame_0_d3.loss_bbox: 3.4085, frame_0_d4.loss_cls: 1.4226, frame_0_d4.loss_bbox: 3.4085, frame_0_dn_loss_cls: 0.9322, frame_0_dn_loss_bbox: 3.0566, frame_0_d0.dn_loss_cls: 0.9253, frame_0_d0.dn_loss_bbox: 3.0567, frame_0_d1.dn_loss_cls: 0.9307, frame_0_d1.dn_loss_bbox: 3.0565, frame_0_d2.dn_loss_cls: 0.9311, frame_0_d2.dn_loss_bbox: 3.0565, frame_0_d3.dn_loss_cls: 0.9284, frame_0_d3.dn_loss_bbox: 3.0566, frame_0_d4.dn_loss_cls: 0.9295, frame_0_d4.dn_loss_bbox: 3.0565, frame_0_enc_loss_cls: 0.6400, frame_0_enc_loss_bbox: 0.6317, frame_0_enc_loss_iou: 1.2834, frame_0_centers2d_losses: 0.2831, frame_0_centerness_losses: 1.3442, loss: 57.0966, grad_norm: 124.1796
2026-01-06 14:37:52,317 - mmdet - INFO - Iter [2200/84384]	lr: 3.993e-04, eta: 4:45:05, time: 0.203, data_time: 0.015, memory: 6403, frame_0_loss_cls: 1.3837, frame_0_loss_bbox: 2.5451, frame_0_d0.loss_cls: 1.3804, frame_0_d0.loss_bbox: 2.5450, frame_0_d1.loss_cls: 1.3860, frame_0_d1.loss_bbox: 2.5450, frame_0_d2.loss_cls: 1.3856, frame_0_d2.loss_bbox: 2.5450, frame_0_d3.loss_cls: 1.3872, frame_0_d3.loss_bbox: 2.5450, frame_0_d4.loss_cls: 1.3845, frame_0_d4.loss_bbox: 2.5453, frame_0_dn_loss_cls: 1.1303, frame_0_dn_loss_bbox: 2.2227, frame_0_d0.dn_loss_cls: 1.1306, frame_0_d0.dn_loss_bbox: 2.2227, frame_0_d1.dn_loss_cls: 1.1315, frame_0_d1.dn_loss_bbox: 2.2227, frame_0_d2.dn_loss_cls: 1.1324, frame_0_d2.dn_loss_bbox: 2.2227, frame_0_d3.dn_loss_cls: 1.1261, frame_0_d3.dn_loss_bbox: 2.2227, frame_0_d4.dn_loss_cls: 1.1267, frame_0_d4.dn_loss_bbox: 2.2227, frame_0_enc_loss_cls: 0.9476, frame_0_enc_loss_bbox: 0.7763, frame_0_enc_loss_iou: 1.2207, frame_0_centers2d_losses: 0.3910, frame_0_centerness_losses: 1.5625, loss: 48.5897, grad_norm: 104.6940
2026-01-06 14:38:03,466 - mmdet - INFO - Iter [2250/84384]	lr: 3.993e-04, eta: 4:45:21, time: 0.223, data_time: 0.016, memory: 6403, frame_0_loss_cls: 1.4178, frame_0_loss_bbox: 2.5131, frame_0_d0.loss_cls: 1.3981, frame_0_d0.loss_bbox: 2.5147, frame_0_d1.loss_cls: 1.4159, frame_0_d1.loss_bbox: 2.5138, frame_0_d2.loss_cls: 1.4137, frame_0_d2.loss_bbox: 2.5129, frame_0_d3.loss_cls: 1.4191, frame_0_d3.loss_bbox: 2.5122, frame_0_d4.loss_cls: 1.4140, frame_0_d4.loss_bbox: 2.5127, frame_0_dn_loss_cls: 0.8672, frame_0_dn_loss_bbox: 1.8967, frame_0_d0.dn_loss_cls: 0.8635, frame_0_d0.dn_loss_bbox: 1.8975, frame_0_d1.dn_loss_cls: 0.8661, frame_0_d1.dn_loss_bbox: 1.8978, frame_0_d2.dn_loss_cls: 0.8666, frame_0_d2.dn_loss_bbox: 1.8965, frame_0_d3.dn_loss_cls: 0.8655, frame_0_d3.dn_loss_bbox: 1.8964, frame_0_d4.dn_loss_cls: 0.8675, frame_0_d4.dn_loss_bbox: 1.8965, frame_0_enc_loss_cls: 0.7835, frame_0_enc_loss_bbox: 0.5836, frame_0_enc_loss_iou: 1.2262, frame_0_centers2d_losses: 0.3272, frame_0_centerness_losses: 1.1651, loss: 44.2213, grad_norm: 108.0669
2026-01-06 14:38:13,379 - mmdet - INFO - Iter [2300/84384]	lr: 3.993e-04, eta: 4:44:53, time: 0.198, data_time: 0.015, memory: 6403, frame_0_loss_cls: 1.5707, frame_0_loss_bbox: 2.9352, frame_0_d0.loss_cls: 1.4707, frame_0_d0.loss_bbox: 3.0034, frame_0_d1.loss_cls: 1.5701, frame_0_d1.loss_bbox: 2.9321, frame_0_d2.loss_cls: 1.5711, frame_0_d2.loss_bbox: 2.9346, frame_0_d3.loss_cls: 1.5731, frame_0_d3.loss_bbox: 2.9350, frame_0_d4.loss_cls: 1.5684, frame_0_d4.loss_bbox: 2.9343, frame_0_dn_loss_cls: 1.1387, frame_0_dn_loss_bbox: 2.7098, frame_0_d0.dn_loss_cls: 1.1408, frame_0_d0.dn_loss_bbox: 2.7072, frame_0_d1.dn_loss_cls: 1.1362, frame_0_d1.dn_loss_bbox: 2.7061, frame_0_d2.dn_loss_cls: 1.1348, frame_0_d2.dn_loss_bbox: 2.7088, frame_0_d3.dn_loss_cls: 1.1357, frame_0_d3.dn_loss_bbox: 2.7090, frame_0_d4.dn_loss_cls: 1.1370, frame_0_d4.dn_loss_bbox: 2.7093, frame_0_enc_loss_cls: 1.1329, frame_0_enc_loss_bbox: 0.7304, frame_0_enc_loss_iou: 1.1357, frame_0_centers2d_losses: 0.4040, frame_0_centerness_losses: 1.6318, loss: 55.1069, grad_norm: 130.4430
2026-01-06 14:38:24,068 - mmdet - INFO - Iter [2350/84384]	lr: 3.992e-04, eta: 4:44:52, time: 0.214, data_time: 0.016, memory: 6403, frame_0_loss_cls: 1.2657, frame_0_loss_bbox: 2.4138, frame_0_d0.loss_cls: 1.2019, frame_0_d0.loss_bbox: 2.5400, frame_0_d1.loss_cls: 1.2707, frame_0_d1.loss_bbox: 2.4121, frame_0_d2.loss_cls: 1.2704, frame_0_d2.loss_bbox: 2.4147, frame_0_d3.loss_cls: 1.2671, frame_0_d3.loss_bbox: 2.4149, frame_0_d4.loss_cls: 1.2678, frame_0_d4.loss_bbox: 2.4137, frame_0_dn_loss_cls: 0.9936, frame_0_dn_loss_bbox: 1.8517, frame_0_d0.dn_loss_cls: 0.9674, frame_0_d0.dn_loss_bbox: 1.8543, frame_0_d1.dn_loss_cls: 0.9843, frame_0_d1.dn_loss_bbox: 1.8534, frame_0_d2.dn_loss_cls: 0.9880, frame_0_d2.dn_loss_bbox: 1.8520, frame_0_d3.dn_loss_cls: 0.9916, frame_0_d3.dn_loss_bbox: 1.8520, frame_0_d4.dn_loss_cls: 0.9914, frame_0_d4.dn_loss_bbox: 1.8514, frame_0_enc_loss_cls: 1.0381, frame_0_enc_loss_bbox: 0.7204, frame_0_enc_loss_iou: 1.2482, frame_0_centers2d_losses: 0.4675, frame_0_centerness_losses: 1.4540, loss: 44.1118, grad_norm: inf
2026-01-06 14:38:34,171 - mmdet - INFO - Iter [2400/84384]	lr: 3.992e-04, eta: 4:44:31, time: 0.202, data_time: 0.014, memory: 6403, frame_0_loss_cls: 1.3653, frame_0_loss_bbox: 3.7112, frame_0_d0.loss_cls: 1.2671, frame_0_d0.loss_bbox: 3.8352, frame_0_d1.loss_cls: 1.3894, frame_0_d1.loss_bbox: 3.7084, frame_0_d2.loss_cls: 1.3797, frame_0_d2.loss_bbox: 3.7099, frame_0_d3.loss_cls: 1.3719, frame_0_d3.loss_bbox: 3.7087, frame_0_d4.loss_cls: 1.3706, frame_0_d4.loss_bbox: 3.7112, frame_0_dn_loss_cls: 0.8234, frame_0_dn_loss_bbox: 3.2692, frame_0_d0.dn_loss_cls: 0.7939, frame_0_d0.dn_loss_bbox: 3.2673, frame_0_d1.dn_loss_cls: 0.8208, frame_0_d1.dn_loss_bbox: 3.2669, frame_0_d2.dn_loss_cls: 0.8240, frame_0_d2.dn_loss_bbox: 3.2680, frame_0_d3.dn_loss_cls: 0.8262, frame_0_d3.dn_loss_bbox: 3.2668, frame_0_d4.dn_loss_cls: 0.8249, frame_0_d4.dn_loss_bbox: 3.2689, frame_0_enc_loss_cls: 0.5767, frame_0_enc_loss_bbox: 0.5781, frame_0_enc_loss_iou: 1.2670, frame_0_centers2d_losses: 0.2893, frame_0_centerness_losses: 1.3430, loss: 59.1029, grad_norm: 117.7106
2026-01-06 14:38:44,702 - mmdet - INFO - Iter [2450/84384]	lr: 3.992e-04, eta: 4:44:24, time: 0.211, data_time: 0.016, memory: 6403, frame_0_loss_cls: 1.2204, frame_0_loss_bbox: 2.3636, frame_0_d0.loss_cls: 1.1464, frame_0_d0.loss_bbox: 2.4898, frame_0_d1.loss_cls: 1.2164, frame_0_d1.loss_bbox: 2.3653, frame_0_d2.loss_cls: 1.2105, frame_0_d2.loss_bbox: 2.3645, frame_0_d3.loss_cls: 1.2126, frame_0_d3.loss_bbox: 2.3640, frame_0_d4.loss_cls: 1.2162, frame_0_d4.loss_bbox: 2.3634, frame_0_dn_loss_cls: 0.8604, frame_0_dn_loss_bbox: 2.0527, frame_0_d0.dn_loss_cls: 0.8367, frame_0_d0.dn_loss_bbox: 2.0537, frame_0_d1.dn_loss_cls: 0.8637, frame_0_d1.dn_loss_bbox: 2.0552, frame_0_d2.dn_loss_cls: 0.8662, frame_0_d2.dn_loss_bbox: 2.0532, frame_0_d3.dn_loss_cls: 0.8648, frame_0_d3.dn_loss_bbox: 2.0533, frame_0_d4.dn_loss_cls: 0.8627, frame_0_d4.dn_loss_bbox: 2.0525, frame_0_enc_loss_cls: 0.8080, frame_0_enc_loss_bbox: 0.6344, frame_0_enc_loss_iou: 1.1886, frame_0_centers2d_losses: 0.3632, frame_0_centerness_losses: 1.1555, loss: 43.1578, grad_norm: 105.0617
2026-01-06 14:38:55,613 - mmdet - INFO - Iter [2500/84384]	lr: 3.991e-04, eta: 4:44:30, time: 0.218, data_time: 0.016, memory: 6403, frame_0_loss_cls: 1.3397, frame_0_loss_bbox: 2.8401, frame_0_d0.loss_cls: 1.3334, frame_0_d0.loss_bbox: 2.8882, frame_0_d1.loss_cls: 1.3414, frame_0_d1.loss_bbox: 2.8365, frame_0_d2.loss_cls: 1.3422, frame_0_d2.loss_bbox: 2.8377, frame_0_d3.loss_cls: 1.3441, frame_0_d3.loss_bbox: 2.8377, frame_0_d4.loss_cls: 1.3417, frame_0_d4.loss_bbox: 2.8396, frame_0_dn_loss_cls: 1.0507, frame_0_dn_loss_bbox: 2.1276, frame_0_d0.dn_loss_cls: 1.0316, frame_0_d0.dn_loss_bbox: 2.1269, frame_0_d1.dn_loss_cls: 1.0462, frame_0_d1.dn_loss_bbox: 2.1244, frame_0_d2.dn_loss_cls: 1.0445, frame_0_d2.dn_loss_bbox: 2.1260, frame_0_d3.dn_loss_cls: 1.0461, frame_0_d3.dn_loss_bbox: 2.1272, frame_0_d4.dn_loss_cls: 1.0503, frame_0_d4.dn_loss_bbox: 2.1285, frame_0_enc_loss_cls: 0.7388, frame_0_enc_loss_bbox: 0.5645, frame_0_enc_loss_iou: 1.2368, frame_0_centers2d_losses: 0.3022, frame_0_centerness_losses: 1.1854, loss: 48.1800, grad_norm: 102.6392
2026-01-06 14:39:05,968 - mmdet - INFO - Iter [2550/84384]	lr: 3.991e-04, eta: 4:44:18, time: 0.207, data_time: 0.015, memory: 6403, frame_0_loss_cls: 1.2229, frame_0_loss_bbox: 2.3713, frame_0_d0.loss_cls: 1.2337, frame_0_d0.loss_bbox: 2.3706, frame_0_d1.loss_cls: 1.2267, frame_0_d1.loss_bbox: 2.3718, frame_0_d2.loss_cls: 1.2301, frame_0_d2.loss_bbox: 2.3713, frame_0_d3.loss_cls: 1.2303, frame_0_d3.loss_bbox: 2.3696, frame_0_d4.loss_cls: 1.2256, frame_0_d4.loss_bbox: 2.3728, frame_0_dn_loss_cls: 0.9127, frame_0_dn_loss_bbox: 1.9842, frame_0_d0.dn_loss_cls: 0.9027, frame_0_d0.dn_loss_bbox: 1.9842, frame_0_d1.dn_loss_cls: 0.9082, frame_0_d1.dn_loss_bbox: 1.9846, frame_0_d2.dn_loss_cls: 0.9052, frame_0_d2.dn_loss_bbox: 1.9849, frame_0_d3.dn_loss_cls: 0.9059, frame_0_d3.dn_loss_bbox: 1.9848, frame_0_d4.dn_loss_cls: 0.9106, frame_0_d4.dn_loss_bbox: 1.9842, frame_0_enc_loss_cls: 0.9498, frame_0_enc_loss_bbox: 0.6393, frame_0_enc_loss_iou: 1.1685, frame_0_centers2d_losses: 0.3459, frame_0_centerness_losses: 1.3863, loss: 43.4388, grad_norm: 86.9015
2026-01-06 14:39:15,696 - mmdet - INFO - Iter [2600/84384]	lr: 3.991e-04, eta: 4:43:45, time: 0.195, data_time: 0.014, memory: 6403, frame_0_loss_cls: 1.4518, frame_0_loss_bbox: 3.2720, frame_0_d0.loss_cls: 1.4224, frame_0_d0.loss_bbox: 3.2724, frame_0_d1.loss_cls: 1.4442, frame_0_d1.loss_bbox: 3.2587, frame_0_d2.loss_cls: 1.4530, frame_0_d2.loss_bbox: 3.2669, frame_0_d3.loss_cls: 1.4660, frame_0_d3.loss_bbox: 3.2402, frame_0_d4.loss_cls: 1.4601, frame_0_d4.loss_bbox: 3.2287, frame_0_dn_loss_cls: 1.0236, frame_0_dn_loss_bbox: 3.0226, frame_0_d0.dn_loss_cls: 1.0367, frame_0_d0.dn_loss_bbox: 3.0212, frame_0_d1.dn_loss_cls: 1.0228, frame_0_d1.dn_loss_bbox: 3.0171, frame_0_d2.dn_loss_cls: 1.0187, frame_0_d2.dn_loss_bbox: 3.0234, frame_0_d3.dn_loss_cls: 1.0134, frame_0_d3.dn_loss_bbox: 3.0081, frame_0_d4.dn_loss_cls: 1.0176, frame_0_d4.dn_loss_bbox: 3.0108, frame_0_enc_loss_cls: 1.1427, frame_0_enc_loss_bbox: 0.6372, frame_0_enc_loss_iou: 1.1159, frame_0_centers2d_losses: 0.4109, frame_0_centerness_losses: 1.5898, loss: 57.3690, grad_norm: 127.9912
2026-01-06 14:39:25,997 - mmdet - INFO - Iter [2650/84384]	lr: 3.990e-04, eta: 4:43:32, time: 0.206, data_time: 0.016, memory: 6403, frame_0_loss_cls: 1.1960, frame_0_loss_bbox: 2.3083, frame_0_d0.loss_cls: 1.2244, frame_0_d0.loss_bbox: 2.3140, frame_0_d1.loss_cls: 1.2076, frame_0_d1.loss_bbox: 2.3127, frame_0_d2.loss_cls: 1.2007, frame_0_d2.loss_bbox: 2.3109, frame_0_d3.loss_cls: 1.1939, frame_0_d3.loss_bbox: 2.3107, frame_0_d4.loss_cls: 1.1928, frame_0_d4.loss_bbox: 2.3161, frame_0_dn_loss_cls: 0.9256, frame_0_dn_loss_bbox: 1.9652, frame_0_d0.dn_loss_cls: 0.9100, frame_0_d0.dn_loss_bbox: 1.9666, frame_0_d1.dn_loss_cls: 0.9218, frame_0_d1.dn_loss_bbox: 1.9635, frame_0_d2.dn_loss_cls: 0.9301, frame_0_d2.dn_loss_bbox: 1.9647, frame_0_d3.dn_loss_cls: 0.9294, frame_0_d3.dn_loss_bbox: 1.9697, frame_0_d4.dn_loss_cls: 0.9271, frame_0_d4.dn_loss_bbox: 1.9635, frame_0_enc_loss_cls: 0.9479, frame_0_enc_loss_bbox: 0.6750, frame_0_enc_loss_iou: 1.1818, frame_0_centers2d_losses: 0.3771, frame_0_centerness_losses: 1.4155, loss: 43.0227, grad_norm: 96.7772
2026-01-06 14:39:36,407 - mmdet - INFO - Iter [2700/84384]	lr: 3.990e-04, eta: 4:43:21, time: 0.208, data_time: 0.016, memory: 6403, frame_0_loss_cls: 1.2013, frame_0_loss_bbox: 2.0285, frame_0_d0.loss_cls: 1.2094, frame_0_d0.loss_bbox: 2.0290, frame_0_d1.loss_cls: 1.2019, frame_0_d1.loss_bbox: 2.0306, frame_0_d2.loss_cls: 1.1993, frame_0_d2.loss_bbox: 2.0303, frame_0_d3.loss_cls: 1.1983, frame_0_d3.loss_bbox: 2.0291, frame_0_d4.loss_cls: 1.2017, frame_0_d4.loss_bbox: 2.0286, frame_0_dn_loss_cls: 0.9454, frame_0_dn_loss_bbox: 1.7820, frame_0_d0.dn_loss_cls: 0.9456, frame_0_d0.dn_loss_bbox: 1.7811, frame_0_d1.dn_loss_cls: 0.9536, frame_0_d1.dn_loss_bbox: 1.7826, frame_0_d2.dn_loss_cls: 0.9523, frame_0_d2.dn_loss_bbox: 1.7813, frame_0_d3.dn_loss_cls: 0.9452, frame_0_d3.dn_loss_bbox: 1.7876, frame_0_d4.dn_loss_cls: 0.9460, frame_0_d4.dn_loss_bbox: 1.7822, frame_0_enc_loss_cls: 0.9217, frame_0_enc_loss_bbox: 0.6579, frame_0_enc_loss_iou: 1.1607, frame_0_centers2d_losses: 0.3400, frame_0_centerness_losses: 1.1832, loss: 40.0363, grad_norm: 91.3634
2026-01-06 14:39:46,295 - mmdet - INFO - Iter [2750/84384]	lr: 3.990e-04, eta: 4:42:55, time: 0.198, data_time: 0.015, memory: 6403, frame_0_loss_cls: 1.3650, frame_0_loss_bbox: 3.0263, frame_0_d0.loss_cls: 1.3783, frame_0_d0.loss_bbox: 3.0246, frame_0_d1.loss_cls: 1.3646, frame_0_d1.loss_bbox: 3.0246, frame_0_d2.loss_cls: 1.3645, frame_0_d2.loss_bbox: 3.0245, frame_0_d3.loss_cls: 1.3635, frame_0_d3.loss_bbox: 3.0246, frame_0_d4.loss_cls: 1.3632, frame_0_d4.loss_bbox: 3.0245, frame_0_dn_loss_cls: 0.9250, frame_0_dn_loss_bbox: 2.6316, frame_0_d0.dn_loss_cls: 0.9146, frame_0_d0.dn_loss_bbox: 2.6297, frame_0_d1.dn_loss_cls: 0.9249, frame_0_d1.dn_loss_bbox: 2.6299, frame_0_d2.dn_loss_cls: 0.9242, frame_0_d2.dn_loss_bbox: 2.6298, frame_0_d3.dn_loss_cls: 0.9252, frame_0_d3.dn_loss_bbox: 2.6298, frame_0_d4.dn_loss_cls: 0.9261, frame_0_d4.dn_loss_bbox: 2.6298, frame_0_enc_loss_cls: 0.7082, frame_0_enc_loss_bbox: 0.5835, frame_0_enc_loss_iou: 1.2479, frame_0_centers2d_losses: 0.2826, frame_0_centerness_losses: 1.3913, loss: 51.8822, grad_norm: 106.7017
2026-01-06 14:39:56,500 - mmdet - INFO - Iter [2800/84384]	lr: 3.989e-04, eta: 4:42:39, time: 0.204, data_time: 0.014, memory: 6403, frame_0_loss_cls: 1.3741, frame_0_loss_bbox: 3.8087, frame_0_d0.loss_cls: 1.3905, frame_0_d0.loss_bbox: 3.8095, frame_0_d1.loss_cls: 1.3803, frame_0_d1.loss_bbox: 3.8096, frame_0_d2.loss_cls: 1.3770, frame_0_d2.loss_bbox: 3.8096, frame_0_d3.loss_cls: 1.3795, frame_0_d3.loss_bbox: 3.8095, frame_0_d4.loss_cls: 1.3732, frame_0_d4.loss_bbox: 3.8095, frame_0_dn_loss_cls: 0.9841, frame_0_dn_loss_bbox: 3.4619, frame_0_d0.dn_loss_cls: 0.9723, frame_0_d0.dn_loss_bbox: 3.4610, frame_0_d1.dn_loss_cls: 0.9775, frame_0_d1.dn_loss_bbox: 3.4611, frame_0_d2.dn_loss_cls: 0.9817, frame_0_d2.dn_loss_bbox: 3.4611, frame_0_d3.dn_loss_cls: 0.9806, frame_0_d3.dn_loss_bbox: 3.4610, frame_0_d4.dn_loss_cls: 0.9875, frame_0_d4.dn_loss_bbox: 3.4610, frame_0_enc_loss_cls: 0.8024, frame_0_enc_loss_bbox: 0.5702, frame_0_enc_loss_iou: 1.2042, frame_0_centers2d_losses: 0.3330, frame_0_centerness_losses: 1.3665, loss: 62.0582, grad_norm: 124.2929
2026-01-06 14:40:07,107 - mmdet - INFO - Iter [2850/84384]	lr: 3.989e-04, eta: 4:42:35, time: 0.212, data_time: 0.015, memory: 6403, frame_0_loss_cls: 1.2745, frame_0_loss_bbox: 2.4235, frame_0_d0.loss_cls: 1.2789, frame_0_d0.loss_bbox: 2.4235, frame_0_d1.loss_cls: 1.2698, frame_0_d1.loss_bbox: 2.4241, frame_0_d2.loss_cls: 1.2739, frame_0_d2.loss_bbox: 2.4225, frame_0_d3.loss_cls: 1.2776, frame_0_d3.loss_bbox: 2.4238, frame_0_d4.loss_cls: 1.2750, frame_0_d4.loss_bbox: 2.4235, frame_0_dn_loss_cls: 0.8678, frame_0_dn_loss_bbox: 1.7837, frame_0_d0.dn_loss_cls: 0.8642, frame_0_d0.dn_loss_bbox: 1.7836, frame_0_d1.dn_loss_cls: 0.8692, frame_0_d1.dn_loss_bbox: 1.7850, frame_0_d2.dn_loss_cls: 0.8670, frame_0_d2.dn_loss_bbox: 1.7843, frame_0_d3.dn_loss_cls: 0.8659, frame_0_d3.dn_loss_bbox: 1.7842, frame_0_d4.dn_loss_cls: 0.8671, frame_0_d4.dn_loss_bbox: 1.7837, frame_0_enc_loss_cls: 0.7431, frame_0_enc_loss_bbox: 0.5696, frame_0_enc_loss_iou: 1.2289, frame_0_centers2d_losses: 0.3218, frame_0_centerness_losses: 1.2329, loss: 42.1927, grad_norm: 95.3539
2026-01-06 14:40:17,647 - mmdet - INFO - Iter [2900/84384]	lr: 3.988e-04, eta: 4:42:29, time: 0.211, data_time: 0.015, memory: 6403, frame_0_loss_cls: 1.4477, frame_0_loss_bbox: 2.9441, frame_0_d0.loss_cls: 1.4520, frame_0_d0.loss_bbox: 2.9445, frame_0_d1.loss_cls: 1.4441, frame_0_d1.loss_bbox: 2.9441, frame_0_d2.loss_cls: 1.4468, frame_0_d2.loss_bbox: 2.9441, frame_0_d3.loss_cls: 1.4493, frame_0_d3.loss_bbox: 2.9441, frame_0_d4.loss_cls: 1.4493, frame_0_d4.loss_bbox: 2.9441, frame_0_dn_loss_cls: 0.9790, frame_0_dn_loss_bbox: 2.4456, frame_0_d0.dn_loss_cls: 0.9758, frame_0_d0.dn_loss_bbox: 2.4457, frame_0_d1.dn_loss_cls: 0.9807, frame_0_d1.dn_loss_bbox: 2.4456, frame_0_d2.dn_loss_cls: 0.9799, frame_0_d2.dn_loss_bbox: 2.4456, frame_0_d3.dn_loss_cls: 0.9792, frame_0_d3.dn_loss_bbox: 2.4456, frame_0_d4.dn_loss_cls: 0.9797, frame_0_d4.dn_loss_bbox: 2.4456, frame_0_enc_loss_cls: 0.9078, frame_0_enc_loss_bbox: 0.6175, frame_0_enc_loss_iou: 1.1981, frame_0_centers2d_losses: 0.3374, frame_0_centerness_losses: 1.3663, loss: 51.3290, grad_norm: 108.9097
2026-01-06 14:40:28,147 - mmdet - INFO - Iter [2950/84384]	lr: 3.988e-04, eta: 4:42:21, time: 0.210, data_time: 0.015, memory: 6403, frame_0_loss_cls: 1.4641, frame_0_loss_bbox: 2.4950, frame_0_d0.loss_cls: 1.4748, frame_0_d0.loss_bbox: 2.4950, frame_0_d1.loss_cls: 1.4637, frame_0_d1.loss_bbox: 2.4950, frame_0_d2.loss_cls: 1.4639, frame_0_d2.loss_bbox: 2.4950, frame_0_d3.loss_cls: 1.4654, frame_0_d3.loss_bbox: 2.4950, frame_0_d4.loss_cls: 1.4624, frame_0_d4.loss_bbox: 2.4950, frame_0_dn_loss_cls: 1.0553, frame_0_dn_loss_bbox: 2.0962, frame_0_d0.dn_loss_cls: 1.0516, frame_0_d0.dn_loss_bbox: 2.0962, frame_0_d1.dn_loss_cls: 1.0578, frame_0_d1.dn_loss_bbox: 2.0962, frame_0_d2.dn_loss_cls: 1.0562, frame_0_d2.dn_loss_bbox: 2.0962, frame_0_d3.dn_loss_cls: 1.0552, frame_0_d3.dn_loss_bbox: 2.0962, frame_0_d4.dn_loss_cls: 1.0556, frame_0_d4.dn_loss_bbox: 2.0962, frame_0_enc_loss_cls: 0.9469, frame_0_enc_loss_bbox: 0.7512, frame_0_enc_loss_iou: 1.1920, frame_0_centers2d_losses: 0.4097, frame_0_centerness_losses: 1.5601, loss: 47.5328, grad_norm: 103.9673
2026-01-06 14:40:38,093 - mmdet - INFO - Exp name: stream_petr_r50_flash_704_bs2_seq_24e.py
2026-01-06 14:40:38,093 - mmdet - INFO - Iter [3000/84384]	lr: 3.988e-04, eta: 4:41:58, time: 0.199, data_time: 0.015, memory: 6403, frame_0_loss_cls: 1.2539, frame_0_loss_bbox: 3.5485, frame_0_d0.loss_cls: 1.2559, frame_0_d0.loss_bbox: 3.5690, frame_0_d1.loss_cls: 1.2493, frame_0_d1.loss_bbox: 3.5684, frame_0_d2.loss_cls: 1.2513, frame_0_d2.loss_bbox: 3.5666, frame_0_d3.loss_cls: 1.2537, frame_0_d3.loss_bbox: 3.5517, frame_0_d4.loss_cls: 1.2529, frame_0_d4.loss_bbox: 3.5400, frame_0_dn_loss_cls: 0.8687, frame_0_dn_loss_bbox: 3.3041, frame_0_d0.dn_loss_cls: 0.8671, frame_0_d0.dn_loss_bbox: 3.3116, frame_0_d1.dn_loss_cls: 0.8737, frame_0_d1.dn_loss_bbox: 3.3107, frame_0_d2.dn_loss_cls: 0.8714, frame_0_d2.dn_loss_bbox: 3.3092, frame_0_d3.dn_loss_cls: 0.8693, frame_0_d3.dn_loss_bbox: 3.3044, frame_0_d4.dn_loss_cls: 0.8699, frame_0_d4.dn_loss_bbox: 3.3067, frame_0_enc_loss_cls: 0.6928, frame_0_enc_loss_bbox: 0.5067, frame_0_enc_loss_iou: 1.1781, frame_0_centers2d_losses: 0.2961, frame_0_centerness_losses: 1.2153, loss: 57.8168, grad_norm: 113.2238
2026-01-06 14:40:48,147 - mmdet - INFO - Iter [3050/84384]	lr: 3.987e-04, eta: 4:41:39, time: 0.201, data_time: 0.015, memory: 6403, frame_0_loss_cls: 1.3710, frame_0_loss_bbox: 2.8021, frame_0_d0.loss_cls: 1.3711, frame_0_d0.loss_bbox: 2.8263, frame_0_d1.loss_cls: 1.3631, frame_0_d1.loss_bbox: 2.8219, frame_0_d2.loss_cls: 1.3675, frame_0_d2.loss_bbox: 2.8154, frame_0_d3.loss_cls: 1.3710, frame_0_d3.loss_bbox: 2.8165, frame_0_d4.loss_cls: 1.3698, frame_0_d4.loss_bbox: 2.8029, frame_0_dn_loss_cls: 0.9388, frame_0_dn_loss_bbox: 2.4939, frame_0_d0.dn_loss_cls: 0.9346, frame_0_d0.dn_loss_bbox: 2.5163, frame_0_d1.dn_loss_cls: 0.9389, frame_0_d1.dn_loss_bbox: 2.5111, frame_0_d2.dn_loss_cls: 0.9382, frame_0_d2.dn_loss_bbox: 2.5040, frame_0_d3.dn_loss_cls: 0.9373, frame_0_d3.dn_loss_bbox: 2.4937, frame_0_d4.dn_loss_cls: 0.9393, frame_0_d4.dn_loss_bbox: 2.4974, frame_0_enc_loss_cls: 0.8110, frame_0_enc_loss_bbox: 0.5519, frame_0_enc_loss_iou: 1.1775, frame_0_centers2d_losses: 0.3008, frame_0_centerness_losses: 1.1604, loss: 49.7433, grad_norm: 127.8153
2026-01-06 14:40:58,613 - mmdet - INFO - Iter [3100/84384]	lr: 3.987e-04, eta: 4:41:30, time: 0.209, data_time: 0.016, memory: 6403, frame_0_loss_cls: 1.3083, frame_0_loss_bbox: 2.3187, frame_0_d0.loss_cls: 1.3122, frame_0_d0.loss_bbox: 2.3205, frame_0_d1.loss_cls: 1.3069, frame_0_d1.loss_bbox: 2.3207, frame_0_d2.loss_cls: 1.3081, frame_0_d2.loss_bbox: 2.3193, frame_0_d3.loss_cls: 1.3114, frame_0_d3.loss_bbox: 2.3194, frame_0_d4.loss_cls: 1.3085, frame_0_d4.loss_bbox: 2.3180, frame_0_dn_loss_cls: 0.9994, frame_0_dn_loss_bbox: 1.9490, frame_0_d0.dn_loss_cls: 0.9967, frame_0_d0.dn_loss_bbox: 1.9509, frame_0_d1.dn_loss_cls: 1.0004, frame_0_d1.dn_loss_bbox: 1.9514, frame_0_d2.dn_loss_cls: 1.0001, frame_0_d2.dn_loss_bbox: 1.9498, frame_0_d3.dn_loss_cls: 0.9990, frame_0_d3.dn_loss_bbox: 1.9498, frame_0_d4.dn_loss_cls: 1.0006, frame_0_d4.dn_loss_bbox: 1.9489, frame_0_enc_loss_cls: 0.9787, frame_0_enc_loss_bbox: 0.7829, frame_0_enc_loss_iou: 1.2018, frame_0_centers2d_losses: 0.3974, frame_0_centerness_losses: 1.3864, loss: 44.2153, grad_norm: 110.5457
2026-01-06 14:41:08,763 - mmdet - INFO - Iter [3150/84384]	lr: 3.986e-04, eta: 4:41:14, time: 0.203, data_time: 0.015, memory: 6403, frame_0_loss_cls: 1.2269, frame_0_loss_bbox: 2.5461, frame_0_d0.loss_cls: 1.2301, frame_0_d0.loss_bbox: 2.5477, frame_0_d1.loss_cls: 1.2318, frame_0_d1.loss_bbox: 2.5476, frame_0_d2.loss_cls: 1.2274, frame_0_d2.loss_bbox: 2.5478, frame_0_d3.loss_cls: 1.2281, frame_0_d3.loss_bbox: 2.5466, frame_0_d4.loss_cls: 1.2274, frame_0_d4.loss_bbox: 2.5463, frame_0_dn_loss_cls: 0.8747, frame_0_dn_loss_bbox: 2.0913, frame_0_d0.dn_loss_cls: 0.8709, frame_0_d0.dn_loss_bbox: 2.0909, frame_0_d1.dn_loss_cls: 0.8699, frame_0_d1.dn_loss_bbox: 2.0908, frame_0_d2.dn_loss_cls: 0.8736, frame_0_d2.dn_loss_bbox: 2.0910, frame_0_d3.dn_loss_cls: 0.8736, frame_0_d3.dn_loss_bbox: 2.0902, frame_0_d4.dn_loss_cls: 0.8748, frame_0_d4.dn_loss_bbox: 2.0902, frame_0_enc_loss_cls: 0.8577, frame_0_enc_loss_bbox: 0.5990, frame_0_enc_loss_iou: 1.1357, frame_0_centers2d_losses: 0.2999, frame_0_centerness_losses: 1.3977, loss: 44.7255, grad_norm: 92.6290
2026-01-06 14:41:19,868 - mmdet - INFO - Iter [3200/84384]	lr: 3.986e-04, eta: 4:41:22, time: 0.222, data_time: 0.016, memory: 6403, frame_0_loss_cls: 1.2079, frame_0_loss_bbox: 2.2594, frame_0_d0.loss_cls: 1.2122, frame_0_d0.loss_bbox: 2.2632, frame_0_d1.loss_cls: 1.2096, frame_0_d1.loss_bbox: 2.2654, frame_0_d2.loss_cls: 1.2089, frame_0_d2.loss_bbox: 2.2642, frame_0_d3.loss_cls: 1.2080, frame_0_d3.loss_bbox: 2.2592, frame_0_d4.loss_cls: 1.2063, frame_0_d4.loss_bbox: 2.2588, frame_0_dn_loss_cls: 0.9451, frame_0_dn_loss_bbox: 1.7195, frame_0_d0.dn_loss_cls: 0.9411, frame_0_d0.dn_loss_bbox: 1.7233, frame_0_d1.dn_loss_cls: 0.9443, frame_0_d1.dn_loss_bbox: 1.7252, frame_0_d2.dn_loss_cls: 0.9440, frame_0_d2.dn_loss_bbox: 1.7243, frame_0_d3.dn_loss_cls: 0.9445, frame_0_d3.dn_loss_bbox: 1.7201, frame_0_d4.dn_loss_cls: 0.9457, frame_0_d4.dn_loss_bbox: 1.7194, frame_0_enc_loss_cls: 0.8575, frame_0_enc_loss_bbox: 0.5744, frame_0_enc_loss_iou: 1.1974, frame_0_centers2d_losses: 0.3131, frame_0_centerness_losses: 1.0961, loss: 40.8583, grad_norm: 73.2064
2026-01-06 14:41:30,627 - mmdet - INFO - Iter [3250/84384]	lr: 3.985e-04, eta: 4:41:20, time: 0.215, data_time: 0.015, memory: 6403, frame_0_loss_cls: 1.4196, frame_0_loss_bbox: 2.9022, frame_0_d0.loss_cls: 1.4212, frame_0_d0.loss_bbox: 2.9023, frame_0_d1.loss_cls: 1.4199, frame_0_d1.loss_bbox: 2.9023, frame_0_d2.loss_cls: 1.4211, frame_0_d2.loss_bbox: 2.9024, frame_0_d3.loss_cls: 1.4193, frame_0_d3.loss_bbox: 2.9021, frame_0_d4.loss_cls: 1.4181, frame_0_d4.loss_bbox: 2.9027, frame_0_dn_loss_cls: 0.9441, frame_0_dn_loss_bbox: 2.4211, frame_0_d0.dn_loss_cls: 0.9437, frame_0_d0.dn_loss_bbox: 2.4211, frame_0_d1.dn_loss_cls: 0.9448, frame_0_d1.dn_loss_bbox: 2.4211, frame_0_d2.dn_loss_cls: 0.9437, frame_0_d2.dn_loss_bbox: 2.4212, frame_0_d3.dn_loss_cls: 0.9449, frame_0_d3.dn_loss_bbox: 2.4212, frame_0_d4.dn_loss_cls: 0.9453, frame_0_d4.dn_loss_bbox: 2.4211, frame_0_enc_loss_cls: 0.9212, frame_0_enc_loss_bbox: 0.5303, frame_0_enc_loss_iou: 1.1693, frame_0_centers2d_losses: 0.3054, frame_0_centerness_losses: 1.2380, loss: 50.2905, grad_norm: 110.6875
2026-01-06 14:41:41,310 - mmdet - INFO - Iter [3300/84384]	lr: 3.985e-04, eta: 4:41:17, time: 0.214, data_time: 0.016, memory: 6403, frame_0_loss_cls: 1.3570, frame_0_loss_bbox: 2.8820, frame_0_d0.loss_cls: 1.3550, frame_0_d0.loss_bbox: 2.8850, frame_0_d1.loss_cls: 1.3532, frame_0_d1.loss_bbox: 2.8855, frame_0_d2.loss_cls: 1.3555, frame_0_d2.loss_bbox: 2.8862, frame_0_d3.loss_cls: 1.3539, frame_0_d3.loss_bbox: 2.8862, frame_0_d4.loss_cls: 1.3558, frame_0_d4.loss_bbox: 2.8854, frame_0_dn_loss_cls: 0.9499, frame_0_dn_loss_bbox: 2.3243, frame_0_d0.dn_loss_cls: 0.9506, frame_0_d0.dn_loss_bbox: 2.3215, frame_0_d1.dn_loss_cls: 0.9525, frame_0_d1.dn_loss_bbox: 2.3219, frame_0_d2.dn_loss_cls: 0.9509, frame_0_d2.dn_loss_bbox: 2.3238, frame_0_d3.dn_loss_cls: 0.9520, frame_0_d3.dn_loss_bbox: 2.3263, frame_0_d4.dn_loss_cls: 0.9518, frame_0_d4.dn_loss_bbox: 2.3276, frame_0_enc_loss_cls: 0.7885, frame_0_enc_loss_bbox: 0.5599, frame_0_enc_loss_iou: 1.2471, frame_0_centers2d_losses: 0.3184, frame_0_centerness_losses: 1.3330, loss: 49.3406, grad_norm: 94.7430
2026-01-06 14:41:51,196 - mmdet - INFO - Iter [3350/84384]	lr: 3.984e-04, eta: 4:40:54, time: 0.198, data_time: 0.015, memory: 6403, frame_0_loss_cls: 1.4316, frame_0_loss_bbox: 2.4916, frame_0_d0.loss_cls: 1.4295, frame_0_d0.loss_bbox: 2.4917, frame_0_d1.loss_cls: 1.4297, frame_0_d1.loss_bbox: 2.4919, frame_0_d2.loss_cls: 1.4304, frame_0_d2.loss_bbox: 2.4919, frame_0_d3.loss_cls: 1.4299, frame_0_d3.loss_bbox: 2.4917, frame_0_d4.loss_cls: 1.4292, frame_0_d4.loss_bbox: 2.4917, frame_0_dn_loss_cls: 1.0261, frame_0_dn_loss_bbox: 2.2688, frame_0_d0.dn_loss_cls: 1.0270, frame_0_d0.dn_loss_bbox: 2.2688, frame_0_d1.dn_loss_cls: 1.0269, frame_0_d1.dn_loss_bbox: 2.2688, frame_0_d2.dn_loss_cls: 1.0271, frame_0_d2.dn_loss_bbox: 2.2689, frame_0_d3.dn_loss_cls: 1.0274, frame_0_d3.dn_loss_bbox: 2.2690, frame_0_d4.dn_loss_cls: 1.0279, frame_0_d4.dn_loss_bbox: 2.2688, frame_0_enc_loss_cls: 1.1070, frame_0_enc_loss_bbox: 0.7011, frame_0_enc_loss_iou: 1.1111, frame_0_centers2d_losses: 0.3711, frame_0_centerness_losses: 1.4885, loss: 48.0847, grad_norm: 105.3273
2026-01-06 14:42:01,406 - mmdet - INFO - Iter [3400/84384]	lr: 3.984e-04, eta: 4:40:39, time: 0.204, data_time: 0.015, memory: 6403, frame_0_loss_cls: 1.3710, frame_0_loss_bbox: 2.7215, frame_0_d0.loss_cls: 1.3696, frame_0_d0.loss_bbox: 2.7212, frame_0_d1.loss_cls: 1.3683, frame_0_d1.loss_bbox: 2.7223, frame_0_d2.loss_cls: 1.3690, frame_0_d2.loss_bbox: 2.7224, frame_0_d3.loss_cls: 1.3702, frame_0_d3.loss_bbox: 2.7315, frame_0_d4.loss_cls: 1.3707, frame_0_d4.loss_bbox: 2.7250, frame_0_dn_loss_cls: 0.9362, frame_0_dn_loss_bbox: 2.3742, frame_0_d0.dn_loss_cls: 0.9363, frame_0_d0.dn_loss_bbox: 2.3739, frame_0_d1.dn_loss_cls: 0.9384, frame_0_d1.dn_loss_bbox: 2.3748, frame_0_d2.dn_loss_cls: 0.9374, frame_0_d2.dn_loss_bbox: 2.3751, frame_0_d3.dn_loss_cls: 0.9378, frame_0_d3.dn_loss_bbox: 2.3889, frame_0_d4.dn_loss_cls: 0.9377, frame_0_d4.dn_loss_bbox: 2.3770, frame_0_enc_loss_cls: 1.0506, frame_0_enc_loss_bbox: 0.6543, frame_0_enc_loss_iou: 1.1658, frame_0_centers2d_losses: 0.3801, frame_0_centerness_losses: 1.4543, loss: 49.1554, grad_norm: 109.9741
2026-01-06 14:42:11,847 - mmdet - INFO - Iter [3450/84384]	lr: 3.984e-04, eta: 4:40:29, time: 0.209, data_time: 0.016, memory: 6403, frame_0_loss_cls: 1.3090, frame_0_loss_bbox: 2.6718, frame_0_d0.loss_cls: 1.3086, frame_0_d0.loss_bbox: 2.6715, frame_0_d1.loss_cls: 1.3071, frame_0_d1.loss_bbox: 2.6714, frame_0_d2.loss_cls: 1.3087, frame_0_d2.loss_bbox: 2.6715, frame_0_d3.loss_cls: 1.3088, frame_0_d3.loss_bbox: 2.6714, frame_0_d4.loss_cls: 1.3090, frame_0_d4.loss_bbox: 2.6715, frame_0_dn_loss_cls: 0.9594, frame_0_dn_loss_bbox: 2.3832, frame_0_d0.dn_loss_cls: 0.9574, frame_0_d0.dn_loss_bbox: 2.3832, frame_0_d1.dn_loss_cls: 0.9600, frame_0_d1.dn_loss_bbox: 2.3832, frame_0_d2.dn_loss_cls: 0.9585, frame_0_d2.dn_loss_bbox: 2.3831, frame_0_d3.dn_loss_cls: 0.9589, frame_0_d3.dn_loss_bbox: 2.3832, frame_0_d4.dn_loss_cls: 0.9595, frame_0_d4.dn_loss_bbox: 2.3832, frame_0_enc_loss_cls: 0.7578, frame_0_enc_loss_bbox: 0.6157, frame_0_enc_loss_iou: 1.2542, frame_0_centers2d_losses: 0.3248, frame_0_centerness_losses: 1.1769, loss: 48.0622, grad_norm: 102.6583
2026-01-06 14:42:21,532 - mmdet - INFO - Iter [3500/84384]	lr: 3.983e-04, eta: 4:40:03, time: 0.194, data_time: 0.015, memory: 6403, frame_0_loss_cls: 1.5438, frame_0_loss_bbox: 3.3414, frame_0_d0.loss_cls: 1.5506, frame_0_d0.loss_bbox: 3.3414, frame_0_d1.loss_cls: 1.5427, frame_0_d1.loss_bbox: 3.3413, frame_0_d2.loss_cls: 1.5449, frame_0_d2.loss_bbox: 3.3413, frame_0_d3.loss_cls: 1.5449, frame_0_d3.loss_bbox: 3.3414, frame_0_d4.loss_cls: 1.5445, frame_0_d4.loss_bbox: 3.3414, frame_0_dn_loss_cls: 1.0436, frame_0_dn_loss_bbox: 3.0997, frame_0_d0.dn_loss_cls: 1.0401, frame_0_d0.dn_loss_bbox: 3.0997, frame_0_d1.dn_loss_cls: 1.0435, frame_0_d1.dn_loss_bbox: 3.0997, frame_0_d2.dn_loss_cls: 1.0415, frame_0_d2.dn_loss_bbox: 3.0997, frame_0_d3.dn_loss_cls: 1.0417, frame_0_d3.dn_loss_bbox: 3.0997, frame_0_d4.dn_loss_cls: 1.0425, frame_0_d4.dn_loss_bbox: 3.0997, frame_0_enc_loss_cls: nan, frame_0_enc_loss_bbox: nan, frame_0_enc_loss_iou: nan, frame_0_centers2d_losses: nan, frame_0_centerness_losses: nan, loss: nan, grad_norm: nan
2026-01-06 14:42:24,727 - mmdet - INFO - Saving checkpoint at 3516 iterations
2026-01-06 14:42:32,568 - mmdet - INFO - Iter [3550/84384]	lr: 3.983e-04, eta: 4:40:07, time: 0.221, data_time: 0.016, memory: 6403, frame_0_loss_cls: 1.2089, frame_0_loss_bbox: 2.4916, frame_0_d0.loss_cls: 1.2083, frame_0_d0.loss_bbox: 2.4918, frame_0_d1.loss_cls: 1.2082, frame_0_d1.loss_bbox: 2.4917, frame_0_d2.loss_cls: 1.2111, frame_0_d2.loss_bbox: 2.4917, frame_0_d3.loss_cls: 1.2124, frame_0_d3.loss_bbox: 2.4916, frame_0_d4.loss_cls: 1.2117, frame_0_d4.loss_bbox: 2.4917, frame_0_dn_loss_cls: 0.9165, frame_0_dn_loss_bbox: 2.2133, frame_0_d0.dn_loss_cls: 0.9115, frame_0_d0.dn_loss_bbox: 2.2133, frame_0_d1.dn_loss_cls: 0.9183, frame_0_d1.dn_loss_bbox: 2.2133, frame_0_d2.dn_loss_cls: 0.9154, frame_0_d2.dn_loss_bbox: 2.2132, frame_0_d3.dn_loss_cls: 0.9132, frame_0_d3.dn_loss_bbox: 2.2132, frame_0_d4.dn_loss_cls: 0.9135, frame_0_d4.dn_loss_bbox: 2.2132, frame_0_enc_loss_cls: 0.8367, frame_0_enc_loss_bbox: 0.5581, frame_0_enc_loss_iou: 1.1585, frame_0_centers2d_losses: 0.3153, frame_0_centerness_losses: 1.1007, loss: 44.9478, grad_norm: 99.7745
2026-01-06 14:42:42,856 - mmdet - INFO - Iter [3600/84384]	lr: 3.982e-04, eta: 4:39:54, time: 0.206, data_time: 0.016, memory: 6403, frame_0_loss_cls: 1.3031, frame_0_loss_bbox: 2.5266, frame_0_d0.loss_cls: 1.2939, frame_0_d0.loss_bbox: 2.5268, frame_0_d1.loss_cls: 1.3034, frame_0_d1.loss_bbox: 2.5266, frame_0_d2.loss_cls: 1.3047, frame_0_d2.loss_bbox: 2.5266, frame_0_d3.loss_cls: 1.3077, frame_0_d3.loss_bbox: 2.5266, frame_0_d4.loss_cls: 1.3058, frame_0_d4.loss_bbox: 2.5265, frame_0_dn_loss_cls: 0.9176, frame_0_dn_loss_bbox: 2.2732, frame_0_d0.dn_loss_cls: 0.9147, frame_0_d0.dn_loss_bbox: 2.2789, frame_0_d1.dn_loss_cls: 0.9169, frame_0_d1.dn_loss_bbox: 2.2731, frame_0_d2.dn_loss_cls: 0.9163, frame_0_d2.dn_loss_bbox: 2.2731, frame_0_d3.dn_loss_cls: 0.9145, frame_0_d3.dn_loss_bbox: 2.2731, frame_0_d4.dn_loss_cls: 0.9162, frame_0_d4.dn_loss_bbox: 2.2731, frame_0_enc_loss_cls: 1.1374, frame_0_enc_loss_bbox: 0.6772, frame_0_enc_loss_iou: 1.1218, frame_0_centers2d_losses: 0.3914, frame_0_centerness_losses: 1.4364, loss: 46.8832, grad_norm: 100.4308
2026-01-06 14:42:52,434 - mmdet - INFO - Iter [3650/84384]	lr: 3.982e-04, eta: 4:39:26, time: 0.192, data_time: 0.013, memory: 6403, frame_0_loss_cls: 1.3892, frame_0_loss_bbox: 3.3920, frame_0_d0.loss_cls: 1.3925, frame_0_d0.loss_bbox: 3.3920, frame_0_d1.loss_cls: 1.3919, frame_0_d1.loss_bbox: 3.3920, frame_0_d2.loss_cls: 1.3916, frame_0_d2.loss_bbox: 3.3920, frame_0_d3.loss_cls: 1.3927, frame_0_d3.loss_bbox: 3.3920, frame_0_d4.loss_cls: 1.3920, frame_0_d4.loss_bbox: 3.3920, frame_0_dn_loss_cls: 1.0358, frame_0_dn_loss_bbox: 3.1863, frame_0_d0.dn_loss_cls: 1.0321, frame_0_d0.dn_loss_bbox: 3.1864, frame_0_d1.dn_loss_cls: 1.0323, frame_0_d1.dn_loss_bbox: 3.1864, frame_0_d2.dn_loss_cls: 1.0327, frame_0_d2.dn_loss_bbox: 3.1864, frame_0_d3.dn_loss_cls: 1.0320, frame_0_d3.dn_loss_bbox: 3.1864, frame_0_d4.dn_loss_cls: 1.0328, frame_0_d4.dn_loss_bbox: 3.1864, frame_0_enc_loss_cls: nan, frame_0_enc_loss_bbox: nan, frame_0_enc_loss_iou: nan, frame_0_centers2d_losses: nan, frame_0_centerness_losses: nan, loss: nan, grad_norm: nan
2026-01-06 14:43:02,746 - mmdet - INFO - Iter [3700/84384]	lr: 3.981e-04, eta: 4:39:14, time: 0.206, data_time: 0.016, memory: 6403, frame_0_loss_cls: 1.3095, frame_0_loss_bbox: 2.5049, frame_0_d0.loss_cls: 1.3096, frame_0_d0.loss_bbox: 2.5049, frame_0_d1.loss_cls: 1.3094, frame_0_d1.loss_bbox: 2.5049, frame_0_d2.loss_cls: 1.3094, frame_0_d2.loss_bbox: 2.5049, frame_0_d3.loss_cls: 1.3093, frame_0_d3.loss_bbox: 2.5050, frame_0_d4.loss_cls: 1.3093, frame_0_d4.loss_bbox: 2.5049, frame_0_dn_loss_cls: 1.2099, frame_0_dn_loss_bbox: 1.9884, frame_0_d0.dn_loss_cls: 1.2099, frame_0_d0.dn_loss_bbox: 1.9884, frame_0_d1.dn_loss_cls: 1.2095, frame_0_d1.dn_loss_bbox: 1.9884, frame_0_d2.dn_loss_cls: 1.2095, frame_0_d2.dn_loss_bbox: 1.9884, frame_0_d3.dn_loss_cls: 1.2094, frame_0_d3.dn_loss_bbox: 1.9884, frame_0_d4.dn_loss_cls: 1.2095, frame_0_d4.dn_loss_bbox: 1.9884, frame_0_enc_loss_cls: nan, frame_0_enc_loss_bbox: nan, frame_0_enc_loss_iou: nan, frame_0_centers2d_losses: nan, frame_0_centerness_losses: nan, loss: nan, grad_norm: nan
2026-01-06 14:43:11,748 - mmdet - INFO - Iter [3750/84384]	lr: 3.981e-04, eta: 4:38:34, time: 0.180, data_time: 0.014, memory: 6403, frame_0_loss_cls: 1.3601, frame_0_loss_bbox: 3.0791, frame_0_d0.loss_cls: 1.3601, frame_0_d0.loss_bbox: 3.0791, frame_0_d1.loss_cls: 1.3601, frame_0_d1.loss_bbox: 3.0791, frame_0_d2.loss_cls: 1.3601, frame_0_d2.loss_bbox: 3.0791, frame_0_d3.loss_cls: 1.3601, frame_0_d3.loss_bbox: 3.0791, frame_0_d4.loss_cls: 1.3601, frame_0_d4.loss_bbox: 3.0791, frame_0_dn_loss_cls: 0.9907, frame_0_dn_loss_bbox: 2.8052, frame_0_d0.dn_loss_cls: 0.9907, frame_0_d0.dn_loss_bbox: 2.8052, frame_0_d1.dn_loss_cls: 0.9907, frame_0_d1.dn_loss_bbox: 2.8052, frame_0_d2.dn_loss_cls: 0.9907, frame_0_d2.dn_loss_bbox: 2.8052, frame_0_d3.dn_loss_cls: 0.9907, frame_0_d3.dn_loss_bbox: 2.8052, frame_0_d4.dn_loss_cls: 0.9907, frame_0_d4.dn_loss_bbox: 2.8052, frame_0_enc_loss_cls: nan, frame_0_enc_loss_bbox: nan, frame_0_enc_loss_iou: nan, frame_0_centers2d_losses: nan, frame_0_centerness_losses: nan, loss: nan, grad_norm: nan
2026-01-06 14:43:21,615 - mmdet - INFO - Iter [3800/84384]	lr: 3.980e-04, eta: 4:38:13, time: 0.197, data_time: 0.015, memory: 6403, frame_0_loss_cls: 1.1869, frame_0_loss_bbox: 2.2674, frame_0_d0.loss_cls: 1.1869, frame_0_d0.loss_bbox: 2.2674, frame_0_d1.loss_cls: 1.1869, frame_0_d1.loss_bbox: 2.2674, frame_0_d2.loss_cls: 1.1869, frame_0_d2.loss_bbox: 2.2674, frame_0_d3.loss_cls: 1.1869, frame_0_d3.loss_bbox: 2.2674, frame_0_d4.loss_cls: 1.1869, frame_0_d4.loss_bbox: 2.2674, frame_0_dn_loss_cls: 1.0305, frame_0_dn_loss_bbox: 1.8902, frame_0_d0.dn_loss_cls: 1.0305, frame_0_d0.dn_loss_bbox: 1.8902, frame_0_d1.dn_loss_cls: 1.0305, frame_0_d1.dn_loss_bbox: 1.8902, frame_0_d2.dn_loss_cls: 1.0305, frame_0_d2.dn_loss_bbox: 1.8902, frame_0_d3.dn_loss_cls: 1.0305, frame_0_d3.dn_loss_bbox: 1.8902, frame_0_d4.dn_loss_cls: 1.0305, frame_0_d4.dn_loss_bbox: 1.8902, frame_0_enc_loss_cls: nan, frame_0_enc_loss_bbox: nan, frame_0_enc_loss_iou: nan, frame_0_centers2d_losses: nan, frame_0_centerness_losses: nan, loss: nan, grad_norm: nan
2026-01-06 14:43:31,458 - mmdet - INFO - Iter [3850/84384]	lr: 3.980e-04, eta: 4:37:52, time: 0.197, data_time: 0.015, memory: 6403, frame_0_loss_cls: 1.3234, frame_0_loss_bbox: 2.6295, frame_0_d0.loss_cls: 1.3234, frame_0_d0.loss_bbox: 2.6295, frame_0_d1.loss_cls: 1.3234, frame_0_d1.loss_bbox: 2.6295, frame_0_d2.loss_cls: 1.3234, frame_0_d2.loss_bbox: 2.6295, frame_0_d3.loss_cls: 1.3234, frame_0_d3.loss_bbox: 2.6295, frame_0_d4.loss_cls: 1.3234, frame_0_d4.loss_bbox: 2.6295, frame_0_dn_loss_cls: 1.1618, frame_0_dn_loss_bbox: 2.1944, frame_0_d0.dn_loss_cls: 1.1618, frame_0_d0.dn_loss_bbox: 2.1944, frame_0_d1.dn_loss_cls: 1.1618, frame_0_d1.dn_loss_bbox: 2.1944, frame_0_d2.dn_loss_cls: 1.1618, frame_0_d2.dn_loss_bbox: 2.1944, frame_0_d3.dn_loss_cls: 1.1618, frame_0_d3.dn_loss_bbox: 2.1944, frame_0_d4.dn_loss_cls: 1.1618, frame_0_d4.dn_loss_bbox: 2.1944, frame_0_enc_loss_cls: nan, frame_0_enc_loss_bbox: nan, frame_0_enc_loss_iou: nan, frame_0_centers2d_losses: nan, frame_0_centerness_losses: nan, loss: nan, grad_norm: nan
2026-01-06 14:43:40,973 - mmdet - INFO - Iter [3900/84384]	lr: 3.979e-04, eta: 4:37:24, time: 0.190, data_time: 0.015, memory: 6403, frame_0_loss_cls: 1.3633, frame_0_loss_bbox: 2.9076, frame_0_d0.loss_cls: 1.3633, frame_0_d0.loss_bbox: 2.9076, frame_0_d1.loss_cls: 1.3633, frame_0_d1.loss_bbox: 2.9076, frame_0_d2.loss_cls: 1.3633, frame_0_d2.loss_bbox: 2.9076, frame_0_d3.loss_cls: 1.3633, frame_0_d3.loss_bbox: 2.9076, frame_0_d4.loss_cls: 1.3633, frame_0_d4.loss_bbox: 2.9076, frame_0_dn_loss_cls: 1.1347, frame_0_dn_loss_bbox: 2.4925, frame_0_d0.dn_loss_cls: 1.1347, frame_0_d0.dn_loss_bbox: 2.4925, frame_0_d1.dn_loss_cls: 1.1347, frame_0_d1.dn_loss_bbox: 2.4925, frame_0_d2.dn_loss_cls: 1.1347, frame_0_d2.dn_loss_bbox: 2.4925, frame_0_d3.dn_loss_cls: 1.1347, frame_0_d3.dn_loss_bbox: 2.4925, frame_0_d4.dn_loss_cls: 1.1347, frame_0_d4.dn_loss_bbox: 2.4925, frame_0_enc_loss_cls: nan, frame_0_enc_loss_bbox: nan, frame_0_enc_loss_iou: nan, frame_0_centers2d_losses: nan, frame_0_centerness_losses: nan, loss: nan, grad_norm: nan
2026-01-06 14:43:50,313 - mmdet - INFO - Iter [3950/84384]	lr: 3.978e-04, eta: 4:36:53, time: 0.187, data_time: 0.016, memory: 6403, frame_0_loss_cls: 1.3092, frame_0_loss_bbox: 2.4085, frame_0_d0.loss_cls: 1.3092, frame_0_d0.loss_bbox: 2.4085, frame_0_d1.loss_cls: 1.3092, frame_0_d1.loss_bbox: 2.4085, frame_0_d2.loss_cls: 1.3092, frame_0_d2.loss_bbox: 2.4085, frame_0_d3.loss_cls: 1.3092, frame_0_d3.loss_bbox: 2.4085, frame_0_d4.loss_cls: 1.3092, frame_0_d4.loss_bbox: 2.4085, frame_0_dn_loss_cls: 1.1582, frame_0_dn_loss_bbox: 2.0668, frame_0_d0.dn_loss_cls: 1.1582, frame_0_d0.dn_loss_bbox: 2.0668, frame_0_d1.dn_loss_cls: 1.1582, frame_0_d1.dn_loss_bbox: 2.0668, frame_0_d2.dn_loss_cls: 1.1582, frame_0_d2.dn_loss_bbox: 2.0668, frame_0_d3.dn_loss_cls: 1.1582, frame_0_d3.dn_loss_bbox: 2.0668, frame_0_d4.dn_loss_cls: 1.1582, frame_0_d4.dn_loss_bbox: 2.0668, frame_0_enc_loss_cls: nan, frame_0_enc_loss_bbox: nan, frame_0_enc_loss_iou: nan, frame_0_centers2d_losses: nan, frame_0_centerness_losses: nan, loss: nan, grad_norm: nan
2026-01-06 14:43:59,686 - mmdet - INFO - Exp name: stream_petr_r50_flash_704_bs2_seq_24e.py
2026-01-06 14:43:59,687 - mmdet - INFO - Iter [4000/84384]	lr: 3.978e-04, eta: 4:36:24, time: 0.187, data_time: 0.016, memory: 6403, frame_0_loss_cls: 1.3581, frame_0_loss_bbox: 2.4367, frame_0_d0.loss_cls: 1.3581, frame_0_d0.loss_bbox: 2.4367, frame_0_d1.loss_cls: 1.3581, frame_0_d1.loss_bbox: 2.4367, frame_0_d2.loss_cls: 1.3581, frame_0_d2.loss_bbox: 2.4367, frame_0_d3.loss_cls: 1.3581, frame_0_d3.loss_bbox: 2.4367, frame_0_d4.loss_cls: 1.3581, frame_0_d4.loss_bbox: 2.4367, frame_0_dn_loss_cls: 1.1446, frame_0_dn_loss_bbox: 2.1540, frame_0_d0.dn_loss_cls: 1.1446, frame_0_d0.dn_loss_bbox: 2.1540, frame_0_d1.dn_loss_cls: 1.1446, frame_0_d1.dn_loss_bbox: 2.1540, frame_0_d2.dn_loss_cls: 1.1446, frame_0_d2.dn_loss_bbox: 2.1540, frame_0_d3.dn_loss_cls: 1.1446, frame_0_d3.dn_loss_bbox: 2.1540, frame_0_d4.dn_loss_cls: 1.1446, frame_0_d4.dn_loss_bbox: 2.1540, frame_0_enc_loss_cls: nan, frame_0_enc_loss_bbox: nan, frame_0_enc_loss_iou: nan, frame_0_centers2d_losses: nan, frame_0_centerness_losses: nan, loss: nan, grad_norm: nan
2026-01-06 14:44:09,355 - mmdet - INFO - Iter [4050/84384]	lr: 3.977e-04, eta: 4:36:01, time: 0.193, data_time: 0.015, memory: 6403, frame_0_loss_cls: 1.2632, frame_0_loss_bbox: 2.7467, frame_0_d0.loss_cls: 1.2632, frame_0_d0.loss_bbox: 2.7467, frame_0_d1.loss_cls: 1.2632, frame_0_d1.loss_bbox: 2.7467, frame_0_d2.loss_cls: 1.2632, frame_0_d2.loss_bbox: 2.7467, frame_0_d3.loss_cls: 1.2632, frame_0_d3.loss_bbox: 2.7467, frame_0_d4.loss_cls: 1.2632, frame_0_d4.loss_bbox: 2.7467, frame_0_dn_loss_cls: 1.0957, frame_0_dn_loss_bbox: 2.2556, frame_0_d0.dn_loss_cls: 1.0957, frame_0_d0.dn_loss_bbox: 2.2556, frame_0_d1.dn_loss_cls: 1.0957, frame_0_d1.dn_loss_bbox: 2.2556, frame_0_d2.dn_loss_cls: 1.0957, frame_0_d2.dn_loss_bbox: 2.2556, frame_0_d3.dn_loss_cls: 1.0957, frame_0_d3.dn_loss_bbox: 2.2556, frame_0_d4.dn_loss_cls: 1.0957, frame_0_d4.dn_loss_bbox: 2.2556, frame_0_enc_loss_cls: nan, frame_0_enc_loss_bbox: nan, frame_0_enc_loss_iou: nan, frame_0_centers2d_losses: nan, frame_0_centerness_losses: nan, loss: nan, grad_norm: nan
2026-01-06 14:44:19,914 - mmdet - INFO - Iter [4100/84384]	lr: 3.977e-04, eta: 4:35:55, time: 0.211, data_time: 0.016, memory: 6403, frame_0_loss_cls: 1.1919, frame_0_loss_bbox: 2.3001, frame_0_d0.loss_cls: 1.1919, frame_0_d0.loss_bbox: 2.3001, frame_0_d1.loss_cls: 1.1919, frame_0_d1.loss_bbox: 2.3001, frame_0_d2.loss_cls: 1.1919, frame_0_d2.loss_bbox: 2.3001, frame_0_d3.loss_cls: 1.1919, frame_0_d3.loss_bbox: 2.3001, frame_0_d4.loss_cls: 1.1919, frame_0_d4.loss_bbox: 2.3001, frame_0_dn_loss_cls: 1.0649, frame_0_dn_loss_bbox: 1.8358, frame_0_d0.dn_loss_cls: 1.0649, frame_0_d0.dn_loss_bbox: 1.8358, frame_0_d1.dn_loss_cls: 1.0649, frame_0_d1.dn_loss_bbox: 1.8358, frame_0_d2.dn_loss_cls: 1.0649, frame_0_d2.dn_loss_bbox: 1.8358, frame_0_d3.dn_loss_cls: 1.0649, frame_0_d3.dn_loss_bbox: 1.8358, frame_0_d4.dn_loss_cls: 1.0649, frame_0_d4.dn_loss_bbox: 1.8358, frame_0_enc_loss_cls: nan, frame_0_enc_loss_bbox: nan, frame_0_enc_loss_iou: nan, frame_0_centers2d_losses: nan, frame_0_centerness_losses: nan, loss: nan, grad_norm: nan
2026-01-06 14:44:29,238 - mmdet - INFO - Iter [4150/84384]	lr: 3.976e-04, eta: 4:35:26, time: 0.186, data_time: 0.015, memory: 6403, frame_0_loss_cls: 1.3732, frame_0_loss_bbox: 2.9630, frame_0_d0.loss_cls: 1.3732, frame_0_d0.loss_bbox: 2.9630, frame_0_d1.loss_cls: 1.3732, frame_0_d1.loss_bbox: 2.9630, frame_0_d2.loss_cls: 1.3732, frame_0_d2.loss_bbox: 2.9630, frame_0_d3.loss_cls: 1.3732, frame_0_d3.loss_bbox: 2.9630, frame_0_d4.loss_cls: 1.3732, frame_0_d4.loss_bbox: 2.9630, frame_0_dn_loss_cls: 0.9822, frame_0_dn_loss_bbox: 2.8330, frame_0_d0.dn_loss_cls: 0.9822, frame_0_d0.dn_loss_bbox: 2.8330, frame_0_d1.dn_loss_cls: 0.9822, frame_0_d1.dn_loss_bbox: 2.8330, frame_0_d2.dn_loss_cls: 0.9822, frame_0_d2.dn_loss_bbox: 2.8330, frame_0_d3.dn_loss_cls: 0.9822, frame_0_d3.dn_loss_bbox: 2.8330, frame_0_d4.dn_loss_cls: 0.9822, frame_0_d4.dn_loss_bbox: 2.8330, frame_0_enc_loss_cls: nan, frame_0_enc_loss_bbox: nan, frame_0_enc_loss_iou: nan, frame_0_centers2d_losses: nan, frame_0_centerness_losses: nan, loss: nan, grad_norm: nan
2026-01-06 14:44:39,410 - mmdet - INFO - Iter [4200/84384]	lr: 3.976e-04, eta: 4:35:13, time: 0.203, data_time: 0.016, memory: 6403, frame_0_loss_cls: 0.7254, frame_0_loss_bbox: 1.3816, frame_0_d0.loss_cls: 0.7253, frame_0_d0.loss_bbox: 1.3816, frame_0_d1.loss_cls: 0.7254, frame_0_d1.loss_bbox: 1.3816, frame_0_d2.loss_cls: 0.7253, frame_0_d2.loss_bbox: 1.3816, frame_0_d3.loss_cls: 0.7254, frame_0_d3.loss_bbox: 1.3816, frame_0_d4.loss_cls: 0.7253, frame_0_d4.loss_bbox: 1.3816, frame_0_dn_loss_cls: 0.6799, frame_0_dn_loss_bbox: 0.9826, frame_0_d0.dn_loss_cls: 0.6797, frame_0_d0.dn_loss_bbox: 0.9826, frame_0_d1.dn_loss_cls: 0.6796, frame_0_d1.dn_loss_bbox: 0.9826, frame_0_d2.dn_loss_cls: 0.6797, frame_0_d2.dn_loss_bbox: 0.9826, frame_0_d3.dn_loss_cls: 0.6797, frame_0_d3.dn_loss_bbox: 0.9826, frame_0_d4.dn_loss_cls: 0.6797, frame_0_d4.dn_loss_bbox: 0.9826, frame_0_enc_loss_cls: nan, frame_0_enc_loss_bbox: nan, frame_0_enc_loss_iou: nan, frame_0_centers2d_losses: nan, frame_0_centerness_losses: nan, loss: nan, grad_norm: nan
2026-01-06 14:44:49,354 - mmdet - INFO - Iter [4250/84384]	lr: 3.975e-04, eta: 4:34:56, time: 0.199, data_time: 0.016, memory: 6403, frame_0_loss_cls: 0.0000, frame_0_loss_bbox: 0.0000, frame_0_d0.loss_cls: 0.0000, frame_0_d0.loss_bbox: 0.0000, frame_0_d1.loss_cls: 0.0000, frame_0_d1.loss_bbox: 0.0000, frame_0_d2.loss_cls: 0.0000, frame_0_d2.loss_bbox: 0.0000, frame_0_d3.loss_cls: 0.0000, frame_0_d3.loss_bbox: 0.0000, frame_0_d4.loss_cls: 0.0000, frame_0_d4.loss_bbox: 0.0000, frame_0_dn_loss_cls: 0.0000, frame_0_dn_loss_bbox: 0.0000, frame_0_d0.dn_loss_cls: 0.0000, frame_0_d0.dn_loss_bbox: 0.0000, frame_0_d1.dn_loss_cls: 0.0000, frame_0_d1.dn_loss_bbox: 0.0000, frame_0_d2.dn_loss_cls: 0.0000, frame_0_d2.dn_loss_bbox: 0.0000, frame_0_d3.dn_loss_cls: 0.0000, frame_0_d3.dn_loss_bbox: 0.0000, frame_0_d4.dn_loss_cls: 0.0000, frame_0_d4.dn_loss_bbox: 0.0000, frame_0_enc_loss_cls: nan, frame_0_enc_loss_bbox: nan, frame_0_enc_loss_iou: nan, frame_0_centers2d_losses: nan, frame_0_centerness_losses: nan, loss: nan, grad_norm: nan
2026-01-06 14:44:59,322 - mmdet - INFO - Iter [4300/84384]	lr: 3.974e-04, eta: 4:34:40, time: 0.199, data_time: 0.015, memory: 6403, frame_0_loss_cls: 0.0000, frame_0_loss_bbox: 0.0000, frame_0_d0.loss_cls: 0.0000, frame_0_d0.loss_bbox: 0.0000, frame_0_d1.loss_cls: 0.0000, frame_0_d1.loss_bbox: 0.0000, frame_0_d2.loss_cls: 0.0000, frame_0_d2.loss_bbox: 0.0000, frame_0_d3.loss_cls: 0.0000, frame_0_d3.loss_bbox: 0.0000, frame_0_d4.loss_cls: 0.0000, frame_0_d4.loss_bbox: 0.0000, frame_0_dn_loss_cls: 0.0000, frame_0_dn_loss_bbox: 0.0000, frame_0_d0.dn_loss_cls: 0.0000, frame_0_d0.dn_loss_bbox: 0.0000, frame_0_d1.dn_loss_cls: 0.0000, frame_0_d1.dn_loss_bbox: 0.0000, frame_0_d2.dn_loss_cls: 0.0000, frame_0_d2.dn_loss_bbox: 0.0000, frame_0_d3.dn_loss_cls: 0.0000, frame_0_d3.dn_loss_bbox: 0.0000, frame_0_d4.dn_loss_cls: 0.0000, frame_0_d4.dn_loss_bbox: 0.0000, frame_0_enc_loss_cls: nan, frame_0_enc_loss_bbox: nan, frame_0_enc_loss_iou: nan, frame_0_centers2d_losses: nan, frame_0_centerness_losses: nan, loss: nan, grad_norm: nan
2026-01-06 14:45:08,576 - mmdet - INFO - Iter [4350/84384]	lr: 3.974e-04, eta: 4:34:10, time: 0.185, data_time: 0.015, memory: 6403, frame_0_loss_cls: 0.0000, frame_0_loss_bbox: 0.0000, frame_0_d0.loss_cls: 0.0000, frame_0_d0.loss_bbox: 0.0000, frame_0_d1.loss_cls: 0.0000, frame_0_d1.loss_bbox: 0.0000, frame_0_d2.loss_cls: 0.0000, frame_0_d2.loss_bbox: 0.0000, frame_0_d3.loss_cls: 0.0000, frame_0_d3.loss_bbox: 0.0000, frame_0_d4.loss_cls: 0.0000, frame_0_d4.loss_bbox: 0.0000, frame_0_dn_loss_cls: 0.0000, frame_0_dn_loss_bbox: 0.0000, frame_0_d0.dn_loss_cls: 0.0000, frame_0_d0.dn_loss_bbox: 0.0000, frame_0_d1.dn_loss_cls: 0.0000, frame_0_d1.dn_loss_bbox: 0.0000, frame_0_d2.dn_loss_cls: 0.0000, frame_0_d2.dn_loss_bbox: 0.0000, frame_0_d3.dn_loss_cls: 0.0000, frame_0_d3.dn_loss_bbox: 0.0000, frame_0_d4.dn_loss_cls: 0.0000, frame_0_d4.dn_loss_bbox: 0.0000, frame_0_enc_loss_cls: nan, frame_0_enc_loss_bbox: nan, frame_0_enc_loss_iou: nan, frame_0_centers2d_losses: nan, frame_0_centerness_losses: nan, loss: nan, grad_norm: nan
2026-01-06 14:45:18,403 - mmdet - INFO - Iter [4400/84384]	lr: 3.973e-04, eta: 4:33:52, time: 0.197, data_time: 0.016, memory: 6403, frame_0_loss_cls: 0.0000, frame_0_loss_bbox: 0.0000, frame_0_d0.loss_cls: 0.0000, frame_0_d0.loss_bbox: 0.0000, frame_0_d1.loss_cls: 0.0000, frame_0_d1.loss_bbox: 0.0000, frame_0_d2.loss_cls: 0.0000, frame_0_d2.loss_bbox: 0.0000, frame_0_d3.loss_cls: 0.0000, frame_0_d3.loss_bbox: 0.0000, frame_0_d4.loss_cls: 0.0000, frame_0_d4.loss_bbox: 0.0000, frame_0_dn_loss_cls: 0.0000, frame_0_dn_loss_bbox: 0.0000, frame_0_d0.dn_loss_cls: 0.0000, frame_0_d0.dn_loss_bbox: 0.0000, frame_0_d1.dn_loss_cls: 0.0000, frame_0_d1.dn_loss_bbox: 0.0000, frame_0_d2.dn_loss_cls: 0.0000, frame_0_d2.dn_loss_bbox: 0.0000, frame_0_d3.dn_loss_cls: 0.0000, frame_0_d3.dn_loss_bbox: 0.0000, frame_0_d4.dn_loss_cls: 0.0000, frame_0_d4.dn_loss_bbox: 0.0000, frame_0_enc_loss_cls: nan, frame_0_enc_loss_bbox: nan, frame_0_enc_loss_iou: nan, frame_0_centers2d_losses: nan, frame_0_centerness_losses: nan, loss: nan, grad_norm: nan
2026-01-06 14:45:27,848 - mmdet - INFO - Iter [4450/84384]	lr: 3.973e-04, eta: 4:33:27, time: 0.189, data_time: 0.016, memory: 6403, frame_0_loss_cls: 0.0000, frame_0_loss_bbox: 0.0000, frame_0_d0.loss_cls: 0.0000, frame_0_d0.loss_bbox: 0.0000, frame_0_d1.loss_cls: 0.0000, frame_0_d1.loss_bbox: 0.0000, frame_0_d2.loss_cls: 0.0000, frame_0_d2.loss_bbox: 0.0000, frame_0_d3.loss_cls: 0.0000, frame_0_d3.loss_bbox: 0.0000, frame_0_d4.loss_cls: 0.0000, frame_0_d4.loss_bbox: 0.0000, frame_0_dn_loss_cls: 0.0000, frame_0_dn_loss_bbox: 0.0000, frame_0_d0.dn_loss_cls: 0.0000, frame_0_d0.dn_loss_bbox: 0.0000, frame_0_d1.dn_loss_cls: 0.0000, frame_0_d1.dn_loss_bbox: 0.0000, frame_0_d2.dn_loss_cls: 0.0000, frame_0_d2.dn_loss_bbox: 0.0000, frame_0_d3.dn_loss_cls: 0.0000, frame_0_d3.dn_loss_bbox: 0.0000, frame_0_d4.dn_loss_cls: 0.0000, frame_0_d4.dn_loss_bbox: 0.0000, frame_0_enc_loss_cls: nan, frame_0_enc_loss_bbox: nan, frame_0_enc_loss_iou: nan, frame_0_centers2d_losses: nan, frame_0_centerness_losses: nan, loss: nan, grad_norm: nan
2026-01-06 14:45:37,136 - mmdet - INFO - Iter [4500/84384]	lr: 3.972e-04, eta: 4:32:59, time: 0.186, data_time: 0.015, memory: 6403, frame_0_loss_cls: 0.0000, frame_0_loss_bbox: 0.0000, frame_0_d0.loss_cls: 0.0000, frame_0_d0.loss_bbox: 0.0000, frame_0_d1.loss_cls: 0.0000, frame_0_d1.loss_bbox: 0.0000, frame_0_d2.loss_cls: 0.0000, frame_0_d2.loss_bbox: 0.0000, frame_0_d3.loss_cls: 0.0000, frame_0_d3.loss_bbox: 0.0000, frame_0_d4.loss_cls: 0.0000, frame_0_d4.loss_bbox: 0.0000, frame_0_dn_loss_cls: 0.0000, frame_0_dn_loss_bbox: 0.0000, frame_0_d0.dn_loss_cls: 0.0000, frame_0_d0.dn_loss_bbox: 0.0000, frame_0_d1.dn_loss_cls: 0.0000, frame_0_d1.dn_loss_bbox: 0.0000, frame_0_d2.dn_loss_cls: 0.0000, frame_0_d2.dn_loss_bbox: 0.0000, frame_0_d3.dn_loss_cls: 0.0000, frame_0_d3.dn_loss_bbox: 0.0000, frame_0_d4.dn_loss_cls: 0.0000, frame_0_d4.dn_loss_bbox: 0.0000, frame_0_enc_loss_cls: nan, frame_0_enc_loss_bbox: nan, frame_0_enc_loss_iou: nan, frame_0_centers2d_losses: nan, frame_0_centerness_losses: nan, loss: nan, grad_norm: nan
2026-01-06 14:45:46,557 - mmdet - INFO - Iter [4550/84384]	lr: 3.971e-04, eta: 4:32:34, time: 0.188, data_time: 0.015, memory: 6403, frame_0_loss_cls: 0.0000, frame_0_loss_bbox: 0.0000, frame_0_d0.loss_cls: 0.0000, frame_0_d0.loss_bbox: 0.0000, frame_0_d1.loss_cls: 0.0000, frame_0_d1.loss_bbox: 0.0000, frame_0_d2.loss_cls: 0.0000, frame_0_d2.loss_bbox: 0.0000, frame_0_d3.loss_cls: 0.0000, frame_0_d3.loss_bbox: 0.0000, frame_0_d4.loss_cls: 0.0000, frame_0_d4.loss_bbox: 0.0000, frame_0_dn_loss_cls: 0.0000, frame_0_dn_loss_bbox: 0.0000, frame_0_d0.dn_loss_cls: 0.0000, frame_0_d0.dn_loss_bbox: 0.0000, frame_0_d1.dn_loss_cls: 0.0000, frame_0_d1.dn_loss_bbox: 0.0000, frame_0_d2.dn_loss_cls: 0.0000, frame_0_d2.dn_loss_bbox: 0.0000, frame_0_d3.dn_loss_cls: 0.0000, frame_0_d3.dn_loss_bbox: 0.0000, frame_0_d4.dn_loss_cls: 0.0000, frame_0_d4.dn_loss_bbox: 0.0000, frame_0_enc_loss_cls: nan, frame_0_enc_loss_bbox: nan, frame_0_enc_loss_iou: nan, frame_0_centers2d_losses: nan, frame_0_centerness_losses: nan, loss: nan, grad_norm: nan
2026-01-06 14:45:55,653 - mmdet - INFO - Iter [4600/84384]	lr: 3.971e-04, eta: 4:32:04, time: 0.182, data_time: 0.014, memory: 6403, frame_0_loss_cls: 0.0000, frame_0_loss_bbox: 0.0000, frame_0_d0.loss_cls: 0.0000, frame_0_d0.loss_bbox: 0.0000, frame_0_d1.loss_cls: 0.0000, frame_0_d1.loss_bbox: 0.0000, frame_0_d2.loss_cls: 0.0000, frame_0_d2.loss_bbox: 0.0000, frame_0_d3.loss_cls: 0.0000, frame_0_d3.loss_bbox: 0.0000, frame_0_d4.loss_cls: 0.0000, frame_0_d4.loss_bbox: 0.0000, frame_0_dn_loss_cls: 0.0000, frame_0_dn_loss_bbox: 0.0000, frame_0_d0.dn_loss_cls: 0.0000, frame_0_d0.dn_loss_bbox: 0.0000, frame_0_d1.dn_loss_cls: 0.0000, frame_0_d1.dn_loss_bbox: 0.0000, frame_0_d2.dn_loss_cls: 0.0000, frame_0_d2.dn_loss_bbox: 0.0000, frame_0_d3.dn_loss_cls: 0.0000, frame_0_d3.dn_loss_bbox: 0.0000, frame_0_d4.dn_loss_cls: 0.0000, frame_0_d4.dn_loss_bbox: 0.0000, frame_0_enc_loss_cls: nan, frame_0_enc_loss_bbox: nan, frame_0_enc_loss_iou: nan, frame_0_centers2d_losses: nan, frame_0_centerness_losses: nan, loss: nan, grad_norm: nan
2026-01-06 14:46:05,508 - mmdet - INFO - Iter [4650/84384]	lr: 3.970e-04, eta: 4:31:48, time: 0.197, data_time: 0.015, memory: 6403, frame_0_loss_cls: 0.0000, frame_0_loss_bbox: 0.0000, frame_0_d0.loss_cls: 0.0000, frame_0_d0.loss_bbox: 0.0000, frame_0_d1.loss_cls: 0.0000, frame_0_d1.loss_bbox: 0.0000, frame_0_d2.loss_cls: 0.0000, frame_0_d2.loss_bbox: 0.0000, frame_0_d3.loss_cls: 0.0000, frame_0_d3.loss_bbox: 0.0000, frame_0_d4.loss_cls: 0.0000, frame_0_d4.loss_bbox: 0.0000, frame_0_dn_loss_cls: 0.0000, frame_0_dn_loss_bbox: 0.0000, frame_0_d0.dn_loss_cls: 0.0000, frame_0_d0.dn_loss_bbox: 0.0000, frame_0_d1.dn_loss_cls: 0.0000, frame_0_d1.dn_loss_bbox: 0.0000, frame_0_d2.dn_loss_cls: 0.0000, frame_0_d2.dn_loss_bbox: 0.0000, frame_0_d3.dn_loss_cls: 0.0000, frame_0_d3.dn_loss_bbox: 0.0000, frame_0_d4.dn_loss_cls: 0.0000, frame_0_d4.dn_loss_bbox: 0.0000, frame_0_enc_loss_cls: nan, frame_0_enc_loss_bbox: nan, frame_0_enc_loss_iou: nan, frame_0_centers2d_losses: nan, frame_0_centerness_losses: nan, loss: nan, grad_norm: nan
2026-01-06 14:46:15,231 - mmdet - INFO - Iter [4700/84384]	lr: 3.970e-04, eta: 4:31:29, time: 0.194, data_time: 0.016, memory: 6403, frame_0_loss_cls: 0.0000, frame_0_loss_bbox: 0.0000, frame_0_d0.loss_cls: 0.0000, frame_0_d0.loss_bbox: 0.0000, frame_0_d1.loss_cls: 0.0000, frame_0_d1.loss_bbox: 0.0000, frame_0_d2.loss_cls: 0.0000, frame_0_d2.loss_bbox: 0.0000, frame_0_d3.loss_cls: 0.0000, frame_0_d3.loss_bbox: 0.0000, frame_0_d4.loss_cls: 0.0000, frame_0_d4.loss_bbox: 0.0000, frame_0_dn_loss_cls: 0.0000, frame_0_dn_loss_bbox: 0.0000, frame_0_d0.dn_loss_cls: 0.0000, frame_0_d0.dn_loss_bbox: 0.0000, frame_0_d1.dn_loss_cls: 0.0000, frame_0_d1.dn_loss_bbox: 0.0000, frame_0_d2.dn_loss_cls: 0.0000, frame_0_d2.dn_loss_bbox: 0.0000, frame_0_d3.dn_loss_cls: 0.0000, frame_0_d3.dn_loss_bbox: 0.0000, frame_0_d4.dn_loss_cls: 0.0000, frame_0_d4.dn_loss_bbox: 0.0000, frame_0_enc_loss_cls: nan, frame_0_enc_loss_bbox: nan, frame_0_enc_loss_iou: nan, frame_0_centers2d_losses: nan, frame_0_centerness_losses: nan, loss: nan, grad_norm: nan
2026-01-06 14:46:24,864 - mmdet - INFO - Iter [4750/84384]	lr: 3.969e-04, eta: 4:31:09, time: 0.193, data_time: 0.016, memory: 6403, frame_0_loss_cls: 0.0000, frame_0_loss_bbox: 0.0000, frame_0_d0.loss_cls: 0.0000, frame_0_d0.loss_bbox: 0.0000, frame_0_d1.loss_cls: 0.0000, frame_0_d1.loss_bbox: 0.0000, frame_0_d2.loss_cls: 0.0000, frame_0_d2.loss_bbox: 0.0000, frame_0_d3.loss_cls: 0.0000, frame_0_d3.loss_bbox: 0.0000, frame_0_d4.loss_cls: 0.0000, frame_0_d4.loss_bbox: 0.0000, frame_0_dn_loss_cls: 0.0000, frame_0_dn_loss_bbox: 0.0000, frame_0_d0.dn_loss_cls: 0.0000, frame_0_d0.dn_loss_bbox: 0.0000, frame_0_d1.dn_loss_cls: 0.0000, frame_0_d1.dn_loss_bbox: 0.0000, frame_0_d2.dn_loss_cls: 0.0000, frame_0_d2.dn_loss_bbox: 0.0000, frame_0_d3.dn_loss_cls: 0.0000, frame_0_d3.dn_loss_bbox: 0.0000, frame_0_d4.dn_loss_cls: 0.0000, frame_0_d4.dn_loss_bbox: 0.0000, frame_0_enc_loss_cls: nan, frame_0_enc_loss_bbox: nan, frame_0_enc_loss_iou: nan, frame_0_centers2d_losses: nan, frame_0_centerness_losses: nan, loss: nan, grad_norm: nan
2026-01-06 14:46:34,261 - mmdet - INFO - Iter [4800/84384]	lr: 3.968e-04, eta: 4:30:45, time: 0.188, data_time: 0.016, memory: 6403, frame_0_loss_cls: 0.0000, frame_0_loss_bbox: 0.0000, frame_0_d0.loss_cls: 0.0000, frame_0_d0.loss_bbox: 0.0000, frame_0_d1.loss_cls: 0.0000, frame_0_d1.loss_bbox: 0.0000, frame_0_d2.loss_cls: 0.0000, frame_0_d2.loss_bbox: 0.0000, frame_0_d3.loss_cls: 0.0000, frame_0_d3.loss_bbox: 0.0000, frame_0_d4.loss_cls: 0.0000, frame_0_d4.loss_bbox: 0.0000, frame_0_dn_loss_cls: 0.0000, frame_0_dn_loss_bbox: 0.0000, frame_0_d0.dn_loss_cls: 0.0000, frame_0_d0.dn_loss_bbox: 0.0000, frame_0_d1.dn_loss_cls: 0.0000, frame_0_d1.dn_loss_bbox: 0.0000, frame_0_d2.dn_loss_cls: 0.0000, frame_0_d2.dn_loss_bbox: 0.0000, frame_0_d3.dn_loss_cls: 0.0000, frame_0_d3.dn_loss_bbox: 0.0000, frame_0_d4.dn_loss_cls: 0.0000, frame_0_d4.dn_loss_bbox: 0.0000, frame_0_enc_loss_cls: nan, frame_0_enc_loss_bbox: nan, frame_0_enc_loss_iou: nan, frame_0_centers2d_losses: nan, frame_0_centerness_losses: nan, loss: nan, grad_norm: nan
2026-01-06 14:46:43,339 - mmdet - INFO - Iter [4850/84384]	lr: 3.968e-04, eta: 4:30:16, time: 0.182, data_time: 0.015, memory: 6403, frame_0_loss_cls: 0.0000, frame_0_loss_bbox: 0.0000, frame_0_d0.loss_cls: 0.0000, frame_0_d0.loss_bbox: 0.0000, frame_0_d1.loss_cls: 0.0000, frame_0_d1.loss_bbox: 0.0000, frame_0_d2.loss_cls: 0.0000, frame_0_d2.loss_bbox: 0.0000, frame_0_d3.loss_cls: 0.0000, frame_0_d3.loss_bbox: 0.0000, frame_0_d4.loss_cls: 0.0000, frame_0_d4.loss_bbox: 0.0000, frame_0_dn_loss_cls: 0.0000, frame_0_dn_loss_bbox: 0.0000, frame_0_d0.dn_loss_cls: 0.0000, frame_0_d0.dn_loss_bbox: 0.0000, frame_0_d1.dn_loss_cls: 0.0000, frame_0_d1.dn_loss_bbox: 0.0000, frame_0_d2.dn_loss_cls: 0.0000, frame_0_d2.dn_loss_bbox: 0.0000, frame_0_d3.dn_loss_cls: 0.0000, frame_0_d3.dn_loss_bbox: 0.0000, frame_0_d4.dn_loss_cls: 0.0000, frame_0_d4.dn_loss_bbox: 0.0000, frame_0_enc_loss_cls: nan, frame_0_enc_loss_bbox: nan, frame_0_enc_loss_iou: nan, frame_0_centers2d_losses: nan, frame_0_centerness_losses: nan, loss: nan, grad_norm: nan
2026-01-06 14:46:52,524 - mmdet - INFO - Iter [4900/84384]	lr: 3.967e-04, eta: 4:29:50, time: 0.184, data_time: 0.014, memory: 6403, frame_0_loss_cls: 0.0000, frame_0_loss_bbox: 0.0000, frame_0_d0.loss_cls: 0.0000, frame_0_d0.loss_bbox: 0.0000, frame_0_d1.loss_cls: 0.0000, frame_0_d1.loss_bbox: 0.0000, frame_0_d2.loss_cls: 0.0000, frame_0_d2.loss_bbox: 0.0000, frame_0_d3.loss_cls: 0.0000, frame_0_d3.loss_bbox: 0.0000, frame_0_d4.loss_cls: 0.0000, frame_0_d4.loss_bbox: 0.0000, frame_0_dn_loss_cls: 0.0000, frame_0_dn_loss_bbox: 0.0000, frame_0_d0.dn_loss_cls: 0.0000, frame_0_d0.dn_loss_bbox: 0.0000, frame_0_d1.dn_loss_cls: 0.0000, frame_0_d1.dn_loss_bbox: 0.0000, frame_0_d2.dn_loss_cls: 0.0000, frame_0_d2.dn_loss_bbox: 0.0000, frame_0_d3.dn_loss_cls: 0.0000, frame_0_d3.dn_loss_bbox: 0.0000, frame_0_d4.dn_loss_cls: 0.0000, frame_0_d4.dn_loss_bbox: 0.0000, frame_0_enc_loss_cls: nan, frame_0_enc_loss_bbox: nan, frame_0_enc_loss_iou: nan, frame_0_centers2d_losses: nan, frame_0_centerness_losses: nan, loss: nan, grad_norm: nan
2026-01-06 14:47:01,965 - mmdet - INFO - Iter [4950/84384]	lr: 3.966e-04, eta: 4:29:28, time: 0.189, data_time: 0.016, memory: 6403, frame_0_loss_cls: 0.0000, frame_0_loss_bbox: 0.0000, frame_0_d0.loss_cls: 0.0000, frame_0_d0.loss_bbox: 0.0000, frame_0_d1.loss_cls: 0.0000, frame_0_d1.loss_bbox: 0.0000, frame_0_d2.loss_cls: 0.0000, frame_0_d2.loss_bbox: 0.0000, frame_0_d3.loss_cls: 0.0000, frame_0_d3.loss_bbox: 0.0000, frame_0_d4.loss_cls: 0.0000, frame_0_d4.loss_bbox: 0.0000, frame_0_dn_loss_cls: 0.0000, frame_0_dn_loss_bbox: 0.0000, frame_0_d0.dn_loss_cls: 0.0000, frame_0_d0.dn_loss_bbox: 0.0000, frame_0_d1.dn_loss_cls: 0.0000, frame_0_d1.dn_loss_bbox: 0.0000, frame_0_d2.dn_loss_cls: 0.0000, frame_0_d2.dn_loss_bbox: 0.0000, frame_0_d3.dn_loss_cls: 0.0000, frame_0_d3.dn_loss_bbox: 0.0000, frame_0_d4.dn_loss_cls: 0.0000, frame_0_d4.dn_loss_bbox: 0.0000, frame_0_enc_loss_cls: nan, frame_0_enc_loss_bbox: nan, frame_0_enc_loss_iou: nan, frame_0_centers2d_losses: nan, frame_0_centerness_losses: nan, loss: nan, grad_norm: nan
2026-01-06 14:47:11,178 - mmdet - INFO - Exp name: stream_petr_r50_flash_704_bs2_seq_24e.py
2026-01-06 14:47:11,178 - mmdet - INFO - Iter [5000/84384]	lr: 3.965e-04, eta: 4:29:02, time: 0.184, data_time: 0.016, memory: 6403, frame_0_loss_cls: 0.0000, frame_0_loss_bbox: 0.0000, frame_0_d0.loss_cls: 0.0000, frame_0_d0.loss_bbox: 0.0000, frame_0_d1.loss_cls: 0.0000, frame_0_d1.loss_bbox: 0.0000, frame_0_d2.loss_cls: 0.0000, frame_0_d2.loss_bbox: 0.0000, frame_0_d3.loss_cls: 0.0000, frame_0_d3.loss_bbox: 0.0000, frame_0_d4.loss_cls: 0.0000, frame_0_d4.loss_bbox: 0.0000, frame_0_dn_loss_cls: 0.0000, frame_0_dn_loss_bbox: 0.0000, frame_0_d0.dn_loss_cls: 0.0000, frame_0_d0.dn_loss_bbox: 0.0000, frame_0_d1.dn_loss_cls: 0.0000, frame_0_d1.dn_loss_bbox: 0.0000, frame_0_d2.dn_loss_cls: 0.0000, frame_0_d2.dn_loss_bbox: 0.0000, frame_0_d3.dn_loss_cls: 0.0000, frame_0_d3.dn_loss_bbox: 0.0000, frame_0_d4.dn_loss_cls: 0.0000, frame_0_d4.dn_loss_bbox: 0.0000, frame_0_enc_loss_cls: nan, frame_0_enc_loss_bbox: nan, frame_0_enc_loss_iou: nan, frame_0_centers2d_losses: nan, frame_0_centerness_losses: nan, loss: nan, grad_norm: nan
2026-01-06 14:47:20,737 - mmdet - INFO - Iter [5050/84384]	lr: 3.965e-04, eta: 4:28:42, time: 0.191, data_time: 0.016, memory: 6403, frame_0_loss_cls: 0.0000, frame_0_loss_bbox: 0.0000, frame_0_d0.loss_cls: 0.0000, frame_0_d0.loss_bbox: 0.0000, frame_0_d1.loss_cls: 0.0000, frame_0_d1.loss_bbox: 0.0000, frame_0_d2.loss_cls: 0.0000, frame_0_d2.loss_bbox: 0.0000, frame_0_d3.loss_cls: 0.0000, frame_0_d3.loss_bbox: 0.0000, frame_0_d4.loss_cls: 0.0000, frame_0_d4.loss_bbox: 0.0000, frame_0_dn_loss_cls: 0.0000, frame_0_dn_loss_bbox: 0.0000, frame_0_d0.dn_loss_cls: 0.0000, frame_0_d0.dn_loss_bbox: 0.0000, frame_0_d1.dn_loss_cls: 0.0000, frame_0_d1.dn_loss_bbox: 0.0000, frame_0_d2.dn_loss_cls: 0.0000, frame_0_d2.dn_loss_bbox: 0.0000, frame_0_d3.dn_loss_cls: 0.0000, frame_0_d3.dn_loss_bbox: 0.0000, frame_0_d4.dn_loss_cls: 0.0000, frame_0_d4.dn_loss_bbox: 0.0000, frame_0_enc_loss_cls: nan, frame_0_enc_loss_bbox: nan, frame_0_enc_loss_iou: nan, frame_0_centers2d_losses: nan, frame_0_centerness_losses: nan, loss: nan, grad_norm: nan
2026-01-06 14:47:31,111 - mmdet - INFO - Iter [5100/84384]	lr: 3.964e-04, eta: 4:28:35, time: 0.207, data_time: 0.016, memory: 6403, frame_0_loss_cls: 0.0000, frame_0_loss_bbox: 0.0000, frame_0_d0.loss_cls: 0.0000, frame_0_d0.loss_bbox: 0.0000, frame_0_d1.loss_cls: 0.0000, frame_0_d1.loss_bbox: 0.0000, frame_0_d2.loss_cls: 0.0000, frame_0_d2.loss_bbox: 0.0000, frame_0_d3.loss_cls: 0.0000, frame_0_d3.loss_bbox: 0.0000, frame_0_d4.loss_cls: 0.0000, frame_0_d4.loss_bbox: 0.0000, frame_0_dn_loss_cls: 0.0000, frame_0_dn_loss_bbox: 0.0000, frame_0_d0.dn_loss_cls: 0.0000, frame_0_d0.dn_loss_bbox: 0.0000, frame_0_d1.dn_loss_cls: 0.0000, frame_0_d1.dn_loss_bbox: 0.0000, frame_0_d2.dn_loss_cls: 0.0000, frame_0_d2.dn_loss_bbox: 0.0000, frame_0_d3.dn_loss_cls: 0.0000, frame_0_d3.dn_loss_bbox: 0.0000, frame_0_d4.dn_loss_cls: 0.0000, frame_0_d4.dn_loss_bbox: 0.0000, frame_0_enc_loss_cls: nan, frame_0_enc_loss_bbox: nan, frame_0_enc_loss_iou: nan, frame_0_centers2d_losses: nan, frame_0_centerness_losses: nan, loss: nan, grad_norm: nan
2026-01-06 14:47:41,032 - mmdet - INFO - Iter [5150/84384]	lr: 3.963e-04, eta: 4:28:22, time: 0.198, data_time: 0.016, memory: 6403, frame_0_loss_cls: 0.0000, frame_0_loss_bbox: 0.0000, frame_0_d0.loss_cls: 0.0000, frame_0_d0.loss_bbox: 0.0000, frame_0_d1.loss_cls: 0.0000, frame_0_d1.loss_bbox: 0.0000, frame_0_d2.loss_cls: 0.0000, frame_0_d2.loss_bbox: 0.0000, frame_0_d3.loss_cls: 0.0000, frame_0_d3.loss_bbox: 0.0000, frame_0_d4.loss_cls: 0.0000, frame_0_d4.loss_bbox: 0.0000, frame_0_dn_loss_cls: 0.0000, frame_0_dn_loss_bbox: 0.0000, frame_0_d0.dn_loss_cls: 0.0000, frame_0_d0.dn_loss_bbox: 0.0000, frame_0_d1.dn_loss_cls: 0.0000, frame_0_d1.dn_loss_bbox: 0.0000, frame_0_d2.dn_loss_cls: 0.0000, frame_0_d2.dn_loss_bbox: 0.0000, frame_0_d3.dn_loss_cls: 0.0000, frame_0_d3.dn_loss_bbox: 0.0000, frame_0_d4.dn_loss_cls: 0.0000, frame_0_d4.dn_loss_bbox: 0.0000, frame_0_enc_loss_cls: nan, frame_0_enc_loss_bbox: nan, frame_0_enc_loss_iou: nan, frame_0_centers2d_losses: nan, frame_0_centerness_losses: nan, loss: nan, grad_norm: nan
2026-01-06 14:47:50,473 - mmdet - INFO - Iter [5200/84384]	lr: 3.963e-04, eta: 4:28:00, time: 0.189, data_time: 0.015, memory: 6403, frame_0_loss_cls: 0.0000, frame_0_loss_bbox: 0.0000, frame_0_d0.loss_cls: 0.0000, frame_0_d0.loss_bbox: 0.0000, frame_0_d1.loss_cls: 0.0000, frame_0_d1.loss_bbox: 0.0000, frame_0_d2.loss_cls: 0.0000, frame_0_d2.loss_bbox: 0.0000, frame_0_d3.loss_cls: 0.0000, frame_0_d3.loss_bbox: 0.0000, frame_0_d4.loss_cls: 0.0000, frame_0_d4.loss_bbox: 0.0000, frame_0_dn_loss_cls: 0.0000, frame_0_dn_loss_bbox: 0.0000, frame_0_d0.dn_loss_cls: 0.0000, frame_0_d0.dn_loss_bbox: 0.0000, frame_0_d1.dn_loss_cls: 0.0000, frame_0_d1.dn_loss_bbox: 0.0000, frame_0_d2.dn_loss_cls: 0.0000, frame_0_d2.dn_loss_bbox: 0.0000, frame_0_d3.dn_loss_cls: 0.0000, frame_0_d3.dn_loss_bbox: 0.0000, frame_0_d4.dn_loss_cls: 0.0000, frame_0_d4.dn_loss_bbox: 0.0000, frame_0_enc_loss_cls: nan, frame_0_enc_loss_bbox: nan, frame_0_enc_loss_iou: nan, frame_0_centers2d_losses: nan, frame_0_centerness_losses: nan, loss: nan, grad_norm: nan
2026-01-06 14:48:00,073 - mmdet - INFO - Iter [5250/84384]	lr: 3.962e-04, eta: 4:27:42, time: 0.192, data_time: 0.014, memory: 6403, frame_0_loss_cls: 0.0000, frame_0_loss_bbox: 0.0000, frame_0_d0.loss_cls: 0.0000, frame_0_d0.loss_bbox: 0.0000, frame_0_d1.loss_cls: 0.0000, frame_0_d1.loss_bbox: 0.0000, frame_0_d2.loss_cls: 0.0000, frame_0_d2.loss_bbox: 0.0000, frame_0_d3.loss_cls: 0.0000, frame_0_d3.loss_bbox: 0.0000, frame_0_d4.loss_cls: 0.0000, frame_0_d4.loss_bbox: 0.0000, frame_0_dn_loss_cls: 0.0000, frame_0_dn_loss_bbox: 0.0000, frame_0_d0.dn_loss_cls: 0.0000, frame_0_d0.dn_loss_bbox: 0.0000, frame_0_d1.dn_loss_cls: 0.0000, frame_0_d1.dn_loss_bbox: 0.0000, frame_0_d2.dn_loss_cls: 0.0000, frame_0_d2.dn_loss_bbox: 0.0000, frame_0_d3.dn_loss_cls: 0.0000, frame_0_d3.dn_loss_bbox: 0.0000, frame_0_d4.dn_loss_cls: 0.0000, frame_0_d4.dn_loss_bbox: 0.0000, frame_0_enc_loss_cls: nan, frame_0_enc_loss_bbox: nan, frame_0_enc_loss_iou: nan, frame_0_centers2d_losses: nan, frame_0_centerness_losses: nan, loss: nan, grad_norm: nan
2026-01-06 14:48:09,054 - mmdet - INFO - Iter [5300/84384]	lr: 3.961e-04, eta: 4:27:14, time: 0.180, data_time: 0.013, memory: 6403, frame_0_loss_cls: 0.0000, frame_0_loss_bbox: 0.0000, frame_0_d0.loss_cls: 0.0000, frame_0_d0.loss_bbox: 0.0000, frame_0_d1.loss_cls: 0.0000, frame_0_d1.loss_bbox: 0.0000, frame_0_d2.loss_cls: 0.0000, frame_0_d2.loss_bbox: 0.0000, frame_0_d3.loss_cls: 0.0000, frame_0_d3.loss_bbox: 0.0000, frame_0_d4.loss_cls: 0.0000, frame_0_d4.loss_bbox: 0.0000, frame_0_dn_loss_cls: 0.0000, frame_0_dn_loss_bbox: 0.0000, frame_0_d0.dn_loss_cls: 0.0000, frame_0_d0.dn_loss_bbox: 0.0000, frame_0_d1.dn_loss_cls: 0.0000, frame_0_d1.dn_loss_bbox: 0.0000, frame_0_d2.dn_loss_cls: 0.0000, frame_0_d2.dn_loss_bbox: 0.0000, frame_0_d3.dn_loss_cls: 0.0000, frame_0_d3.dn_loss_bbox: 0.0000, frame_0_d4.dn_loss_cls: 0.0000, frame_0_d4.dn_loss_bbox: 0.0000, frame_0_enc_loss_cls: nan, frame_0_enc_loss_bbox: nan, frame_0_enc_loss_iou: nan, frame_0_centers2d_losses: nan, frame_0_centerness_losses: nan, loss: nan, grad_norm: nan
2026-01-06 14:48:18,138 - mmdet - INFO - Iter [5350/84384]	lr: 3.961e-04, eta: 4:26:49, time: 0.182, data_time: 0.014, memory: 6403, frame_0_loss_cls: 0.0000, frame_0_loss_bbox: 0.0000, frame_0_d0.loss_cls: 0.0000, frame_0_d0.loss_bbox: 0.0000, frame_0_d1.loss_cls: 0.0000, frame_0_d1.loss_bbox: 0.0000, frame_0_d2.loss_cls: 0.0000, frame_0_d2.loss_bbox: 0.0000, frame_0_d3.loss_cls: 0.0000, frame_0_d3.loss_bbox: 0.0000, frame_0_d4.loss_cls: 0.0000, frame_0_d4.loss_bbox: 0.0000, frame_0_dn_loss_cls: 0.0000, frame_0_dn_loss_bbox: 0.0000, frame_0_d0.dn_loss_cls: 0.0000, frame_0_d0.dn_loss_bbox: 0.0000, frame_0_d1.dn_loss_cls: 0.0000, frame_0_d1.dn_loss_bbox: 0.0000, frame_0_d2.dn_loss_cls: 0.0000, frame_0_d2.dn_loss_bbox: 0.0000, frame_0_d3.dn_loss_cls: 0.0000, frame_0_d3.dn_loss_bbox: 0.0000, frame_0_d4.dn_loss_cls: 0.0000, frame_0_d4.dn_loss_bbox: 0.0000, frame_0_enc_loss_cls: nan, frame_0_enc_loss_bbox: nan, frame_0_enc_loss_iou: nan, frame_0_centers2d_losses: nan, frame_0_centerness_losses: nan, loss: nan, grad_norm: nan
2026-01-06 14:48:28,047 - mmdet - INFO - Iter [5400/84384]	lr: 3.960e-04, eta: 4:26:35, time: 0.198, data_time: 0.014, memory: 6403, frame_0_loss_cls: 0.0000, frame_0_loss_bbox: 0.0000, frame_0_d0.loss_cls: 0.0000, frame_0_d0.loss_bbox: 0.0000, frame_0_d1.loss_cls: 0.0000, frame_0_d1.loss_bbox: 0.0000, frame_0_d2.loss_cls: 0.0000, frame_0_d2.loss_bbox: 0.0000, frame_0_d3.loss_cls: 0.0000, frame_0_d3.loss_bbox: 0.0000, frame_0_d4.loss_cls: 0.0000, frame_0_d4.loss_bbox: 0.0000, frame_0_dn_loss_cls: 0.0000, frame_0_dn_loss_bbox: 0.0000, frame_0_d0.dn_loss_cls: 0.0000, frame_0_d0.dn_loss_bbox: 0.0000, frame_0_d1.dn_loss_cls: 0.0000, frame_0_d1.dn_loss_bbox: 0.0000, frame_0_d2.dn_loss_cls: 0.0000, frame_0_d2.dn_loss_bbox: 0.0000, frame_0_d3.dn_loss_cls: 0.0000, frame_0_d3.dn_loss_bbox: 0.0000, frame_0_d4.dn_loss_cls: 0.0000, frame_0_d4.dn_loss_bbox: 0.0000, frame_0_enc_loss_cls: nan, frame_0_enc_loss_bbox: nan, frame_0_enc_loss_iou: nan, frame_0_centers2d_losses: nan, frame_0_centerness_losses: nan, loss: nan, grad_norm: nan
2026-01-06 14:48:38,229 - mmdet - INFO - Iter [5450/84384]	lr: 3.959e-04, eta: 4:26:26, time: 0.204, data_time: 0.013, memory: 6403, frame_0_loss_cls: 0.0000, frame_0_loss_bbox: 0.0000, frame_0_d0.loss_cls: 0.0000, frame_0_d0.loss_bbox: 0.0000, frame_0_d1.loss_cls: 0.0000, frame_0_d1.loss_bbox: 0.0000, frame_0_d2.loss_cls: 0.0000, frame_0_d2.loss_bbox: 0.0000, frame_0_d3.loss_cls: 0.0000, frame_0_d3.loss_bbox: 0.0000, frame_0_d4.loss_cls: 0.0000, frame_0_d4.loss_bbox: 0.0000, frame_0_dn_loss_cls: 0.0000, frame_0_dn_loss_bbox: 0.0000, frame_0_d0.dn_loss_cls: 0.0000, frame_0_d0.dn_loss_bbox: 0.0000, frame_0_d1.dn_loss_cls: 0.0000, frame_0_d1.dn_loss_bbox: 0.0000, frame_0_d2.dn_loss_cls: 0.0000, frame_0_d2.dn_loss_bbox: 0.0000, frame_0_d3.dn_loss_cls: 0.0000, frame_0_d3.dn_loss_bbox: 0.0000, frame_0_d4.dn_loss_cls: 0.0000, frame_0_d4.dn_loss_bbox: 0.0000, frame_0_enc_loss_cls: nan, frame_0_enc_loss_bbox: nan, frame_0_enc_loss_iou: nan, frame_0_centers2d_losses: nan, frame_0_centerness_losses: nan, loss: nan, grad_norm: nan
2026-01-06 14:48:47,326 - mmdet - INFO - Iter [5500/84384]	lr: 3.958e-04, eta: 4:26:01, time: 0.182, data_time: 0.014, memory: 6403, frame_0_loss_cls: 0.0000, frame_0_loss_bbox: 0.0000, frame_0_d0.loss_cls: 0.0000, frame_0_d0.loss_bbox: 0.0000, frame_0_d1.loss_cls: 0.0000, frame_0_d1.loss_bbox: 0.0000, frame_0_d2.loss_cls: 0.0000, frame_0_d2.loss_bbox: 0.0000, frame_0_d3.loss_cls: 0.0000, frame_0_d3.loss_bbox: 0.0000, frame_0_d4.loss_cls: 0.0000, frame_0_d4.loss_bbox: 0.0000, frame_0_dn_loss_cls: 0.0000, frame_0_dn_loss_bbox: 0.0000, frame_0_d0.dn_loss_cls: 0.0000, frame_0_d0.dn_loss_bbox: 0.0000, frame_0_d1.dn_loss_cls: 0.0000, frame_0_d1.dn_loss_bbox: 0.0000, frame_0_d2.dn_loss_cls: 0.0000, frame_0_d2.dn_loss_bbox: 0.0000, frame_0_d3.dn_loss_cls: 0.0000, frame_0_d3.dn_loss_bbox: 0.0000, frame_0_d4.dn_loss_cls: 0.0000, frame_0_d4.dn_loss_bbox: 0.0000, frame_0_enc_loss_cls: nan, frame_0_enc_loss_bbox: nan, frame_0_enc_loss_iou: nan, frame_0_centers2d_losses: nan, frame_0_centerness_losses: nan, loss: nan, grad_norm: nan
2026-01-06 14:48:56,669 - mmdet - INFO - Iter [5550/84384]	lr: 3.958e-04, eta: 4:25:40, time: 0.187, data_time: 0.014, memory: 6403, frame_0_loss_cls: 0.0000, frame_0_loss_bbox: 0.0000, frame_0_d0.loss_cls: 0.0000, frame_0_d0.loss_bbox: 0.0000, frame_0_d1.loss_cls: 0.0000, frame_0_d1.loss_bbox: 0.0000, frame_0_d2.loss_cls: 0.0000, frame_0_d2.loss_bbox: 0.0000, frame_0_d3.loss_cls: 0.0000, frame_0_d3.loss_bbox: 0.0000, frame_0_d4.loss_cls: 0.0000, frame_0_d4.loss_bbox: 0.0000, frame_0_dn_loss_cls: 0.0000, frame_0_dn_loss_bbox: 0.0000, frame_0_d0.dn_loss_cls: 0.0000, frame_0_d0.dn_loss_bbox: 0.0000, frame_0_d1.dn_loss_cls: 0.0000, frame_0_d1.dn_loss_bbox: 0.0000, frame_0_d2.dn_loss_cls: 0.0000, frame_0_d2.dn_loss_bbox: 0.0000, frame_0_d3.dn_loss_cls: 0.0000, frame_0_d3.dn_loss_bbox: 0.0000, frame_0_d4.dn_loss_cls: 0.0000, frame_0_d4.dn_loss_bbox: 0.0000, frame_0_enc_loss_cls: nan, frame_0_enc_loss_bbox: nan, frame_0_enc_loss_iou: nan, frame_0_centers2d_losses: nan, frame_0_centerness_losses: nan, loss: nan, grad_norm: nan
2026-01-06 14:49:06,043 - mmdet - INFO - Iter [5600/84384]	lr: 3.957e-04, eta: 4:25:20, time: 0.187, data_time: 0.013, memory: 6403, frame_0_loss_cls: 0.0000, frame_0_loss_bbox: 0.0000, frame_0_d0.loss_cls: 0.0000, frame_0_d0.loss_bbox: 0.0000, frame_0_d1.loss_cls: 0.0000, frame_0_d1.loss_bbox: 0.0000, frame_0_d2.loss_cls: 0.0000, frame_0_d2.loss_bbox: 0.0000, frame_0_d3.loss_cls: 0.0000, frame_0_d3.loss_bbox: 0.0000, frame_0_d4.loss_cls: 0.0000, frame_0_d4.loss_bbox: 0.0000, frame_0_dn_loss_cls: 0.0000, frame_0_dn_loss_bbox: 0.0000, frame_0_d0.dn_loss_cls: 0.0000, frame_0_d0.dn_loss_bbox: 0.0000, frame_0_d1.dn_loss_cls: 0.0000, frame_0_d1.dn_loss_bbox: 0.0000, frame_0_d2.dn_loss_cls: 0.0000, frame_0_d2.dn_loss_bbox: 0.0000, frame_0_d3.dn_loss_cls: 0.0000, frame_0_d3.dn_loss_bbox: 0.0000, frame_0_d4.dn_loss_cls: 0.0000, frame_0_d4.dn_loss_bbox: 0.0000, frame_0_enc_loss_cls: nan, frame_0_enc_loss_bbox: nan, frame_0_enc_loss_iou: nan, frame_0_centers2d_losses: nan, frame_0_centerness_losses: nan, loss: nan, grad_norm: nan
2026-01-06 14:49:15,938 - mmdet - INFO - Iter [5650/84384]	lr: 3.956e-04, eta: 4:25:07, time: 0.198, data_time: 0.016, memory: 6403, frame_0_loss_cls: 0.0000, frame_0_loss_bbox: 0.0000, frame_0_d0.loss_cls: 0.0000, frame_0_d0.loss_bbox: 0.0000, frame_0_d1.loss_cls: 0.0000, frame_0_d1.loss_bbox: 0.0000, frame_0_d2.loss_cls: 0.0000, frame_0_d2.loss_bbox: 0.0000, frame_0_d3.loss_cls: 0.0000, frame_0_d3.loss_bbox: 0.0000, frame_0_d4.loss_cls: 0.0000, frame_0_d4.loss_bbox: 0.0000, frame_0_dn_loss_cls: 0.0000, frame_0_dn_loss_bbox: 0.0000, frame_0_d0.dn_loss_cls: 0.0000, frame_0_d0.dn_loss_bbox: 0.0000, frame_0_d1.dn_loss_cls: 0.0000, frame_0_d1.dn_loss_bbox: 0.0000, frame_0_d2.dn_loss_cls: 0.0000, frame_0_d2.dn_loss_bbox: 0.0000, frame_0_d3.dn_loss_cls: 0.0000, frame_0_d3.dn_loss_bbox: 0.0000, frame_0_d4.dn_loss_cls: 0.0000, frame_0_d4.dn_loss_bbox: 0.0000, frame_0_enc_loss_cls: nan, frame_0_enc_loss_bbox: nan, frame_0_enc_loss_iou: nan, frame_0_centers2d_losses: nan, frame_0_centerness_losses: nan, loss: nan, grad_norm: nan
2026-01-06 14:49:26,085 - mmdet - INFO - Iter [5700/84384]	lr: 3.955e-04, eta: 4:24:57, time: 0.203, data_time: 0.016, memory: 6403, frame_0_loss_cls: 0.0000, frame_0_loss_bbox: 0.0000, frame_0_d0.loss_cls: 0.0000, frame_0_d0.loss_bbox: 0.0000, frame_0_d1.loss_cls: 0.0000, frame_0_d1.loss_bbox: 0.0000, frame_0_d2.loss_cls: 0.0000, frame_0_d2.loss_bbox: 0.0000, frame_0_d3.loss_cls: 0.0000, frame_0_d3.loss_bbox: 0.0000, frame_0_d4.loss_cls: 0.0000, frame_0_d4.loss_bbox: 0.0000, frame_0_dn_loss_cls: 0.0000, frame_0_dn_loss_bbox: 0.0000, frame_0_d0.dn_loss_cls: 0.0000, frame_0_d0.dn_loss_bbox: 0.0000, frame_0_d1.dn_loss_cls: 0.0000, frame_0_d1.dn_loss_bbox: 0.0000, frame_0_d2.dn_loss_cls: 0.0000, frame_0_d2.dn_loss_bbox: 0.0000, frame_0_d3.dn_loss_cls: 0.0000, frame_0_d3.dn_loss_bbox: 0.0000, frame_0_d4.dn_loss_cls: 0.0000, frame_0_d4.dn_loss_bbox: 0.0000, frame_0_enc_loss_cls: nan, frame_0_enc_loss_bbox: nan, frame_0_enc_loss_iou: nan, frame_0_centers2d_losses: nan, frame_0_centerness_losses: nan, loss: nan, grad_norm: nan
2026-01-06 14:49:35,345 - mmdet - INFO - Iter [5750/84384]	lr: 3.954e-04, eta: 4:24:35, time: 0.185, data_time: 0.014, memory: 6403, frame_0_loss_cls: 0.0000, frame_0_loss_bbox: 0.0000, frame_0_d0.loss_cls: 0.0000, frame_0_d0.loss_bbox: 0.0000, frame_0_d1.loss_cls: 0.0000, frame_0_d1.loss_bbox: 0.0000, frame_0_d2.loss_cls: 0.0000, frame_0_d2.loss_bbox: 0.0000, frame_0_d3.loss_cls: 0.0000, frame_0_d3.loss_bbox: 0.0000, frame_0_d4.loss_cls: 0.0000, frame_0_d4.loss_bbox: 0.0000, frame_0_dn_loss_cls: 0.0000, frame_0_dn_loss_bbox: 0.0000, frame_0_d0.dn_loss_cls: 0.0000, frame_0_d0.dn_loss_bbox: 0.0000, frame_0_d1.dn_loss_cls: 0.0000, frame_0_d1.dn_loss_bbox: 0.0000, frame_0_d2.dn_loss_cls: 0.0000, frame_0_d2.dn_loss_bbox: 0.0000, frame_0_d3.dn_loss_cls: 0.0000, frame_0_d3.dn_loss_bbox: 0.0000, frame_0_d4.dn_loss_cls: 0.0000, frame_0_d4.dn_loss_bbox: 0.0000, frame_0_enc_loss_cls: nan, frame_0_enc_loss_bbox: nan, frame_0_enc_loss_iou: nan, frame_0_centers2d_losses: nan, frame_0_centerness_losses: nan, loss: nan, grad_norm: nan
2026-01-06 14:49:44,402 - mmdet - INFO - Iter [5800/84384]	lr: 3.954e-04, eta: 4:24:11, time: 0.181, data_time: 0.015, memory: 6403, frame_0_loss_cls: 0.0000, frame_0_loss_bbox: 0.0000, frame_0_d0.loss_cls: 0.0000, frame_0_d0.loss_bbox: 0.0000, frame_0_d1.loss_cls: 0.0000, frame_0_d1.loss_bbox: 0.0000, frame_0_d2.loss_cls: 0.0000, frame_0_d2.loss_bbox: 0.0000, frame_0_d3.loss_cls: 0.0000, frame_0_d3.loss_bbox: 0.0000, frame_0_d4.loss_cls: 0.0000, frame_0_d4.loss_bbox: 0.0000, frame_0_dn_loss_cls: 0.0000, frame_0_dn_loss_bbox: 0.0000, frame_0_d0.dn_loss_cls: 0.0000, frame_0_d0.dn_loss_bbox: 0.0000, frame_0_d1.dn_loss_cls: 0.0000, frame_0_d1.dn_loss_bbox: 0.0000, frame_0_d2.dn_loss_cls: 0.0000, frame_0_d2.dn_loss_bbox: 0.0000, frame_0_d3.dn_loss_cls: 0.0000, frame_0_d3.dn_loss_bbox: 0.0000, frame_0_d4.dn_loss_cls: 0.0000, frame_0_d4.dn_loss_bbox: 0.0000, frame_0_enc_loss_cls: nan, frame_0_enc_loss_bbox: nan, frame_0_enc_loss_iou: nan, frame_0_centers2d_losses: nan, frame_0_centerness_losses: nan, loss: nan, grad_norm: nan
2026-01-06 14:49:53,507 - mmdet - INFO - Iter [5850/84384]	lr: 3.953e-04, eta: 4:23:48, time: 0.182, data_time: 0.015, memory: 6403, frame_0_loss_cls: 0.0000, frame_0_loss_bbox: 0.0000, frame_0_d0.loss_cls: 0.0000, frame_0_d0.loss_bbox: 0.0000, frame_0_d1.loss_cls: 0.0000, frame_0_d1.loss_bbox: 0.0000, frame_0_d2.loss_cls: 0.0000, frame_0_d2.loss_bbox: 0.0000, frame_0_d3.loss_cls: 0.0000, frame_0_d3.loss_bbox: 0.0000, frame_0_d4.loss_cls: 0.0000, frame_0_d4.loss_bbox: 0.0000, frame_0_dn_loss_cls: 0.0000, frame_0_dn_loss_bbox: 0.0000, frame_0_d0.dn_loss_cls: 0.0000, frame_0_d0.dn_loss_bbox: 0.0000, frame_0_d1.dn_loss_cls: 0.0000, frame_0_d1.dn_loss_bbox: 0.0000, frame_0_d2.dn_loss_cls: 0.0000, frame_0_d2.dn_loss_bbox: 0.0000, frame_0_d3.dn_loss_cls: 0.0000, frame_0_d3.dn_loss_bbox: 0.0000, frame_0_d4.dn_loss_cls: 0.0000, frame_0_d4.dn_loss_bbox: 0.0000, frame_0_enc_loss_cls: nan, frame_0_enc_loss_bbox: nan, frame_0_enc_loss_iou: nan, frame_0_centers2d_losses: nan, frame_0_centerness_losses: nan, loss: nan, grad_norm: nan
2026-01-06 14:50:03,043 - mmdet - INFO - Iter [5900/84384]	lr: 3.952e-04, eta: 4:23:31, time: 0.191, data_time: 0.016, memory: 6403, frame_0_loss_cls: 0.0000, frame_0_loss_bbox: 0.0000, frame_0_d0.loss_cls: 0.0000, frame_0_d0.loss_bbox: 0.0000, frame_0_d1.loss_cls: 0.0000, frame_0_d1.loss_bbox: 0.0000, frame_0_d2.loss_cls: 0.0000, frame_0_d2.loss_bbox: 0.0000, frame_0_d3.loss_cls: 0.0000, frame_0_d3.loss_bbox: 0.0000, frame_0_d4.loss_cls: 0.0000, frame_0_d4.loss_bbox: 0.0000, frame_0_dn_loss_cls: 0.0000, frame_0_dn_loss_bbox: 0.0000, frame_0_d0.dn_loss_cls: 0.0000, frame_0_d0.dn_loss_bbox: 0.0000, frame_0_d1.dn_loss_cls: 0.0000, frame_0_d1.dn_loss_bbox: 0.0000, frame_0_d2.dn_loss_cls: 0.0000, frame_0_d2.dn_loss_bbox: 0.0000, frame_0_d3.dn_loss_cls: 0.0000, frame_0_d3.dn_loss_bbox: 0.0000, frame_0_d4.dn_loss_cls: 0.0000, frame_0_d4.dn_loss_bbox: 0.0000, frame_0_enc_loss_cls: nan, frame_0_enc_loss_bbox: nan, frame_0_enc_loss_iou: nan, frame_0_centers2d_losses: nan, frame_0_centerness_losses: nan, loss: nan, grad_norm: nan
2026-01-06 14:50:12,212 - mmdet - INFO - Iter [5950/84384]	lr: 3.951e-04, eta: 4:23:09, time: 0.183, data_time: 0.015, memory: 6403, frame_0_loss_cls: 0.0000, frame_0_loss_bbox: 0.0000, frame_0_d0.loss_cls: 0.0000, frame_0_d0.loss_bbox: 0.0000, frame_0_d1.loss_cls: 0.0000, frame_0_d1.loss_bbox: 0.0000, frame_0_d2.loss_cls: 0.0000, frame_0_d2.loss_bbox: 0.0000, frame_0_d3.loss_cls: 0.0000, frame_0_d3.loss_bbox: 0.0000, frame_0_d4.loss_cls: 0.0000, frame_0_d4.loss_bbox: 0.0000, frame_0_dn_loss_cls: 0.0000, frame_0_dn_loss_bbox: 0.0000, frame_0_d0.dn_loss_cls: 0.0000, frame_0_d0.dn_loss_bbox: 0.0000, frame_0_d1.dn_loss_cls: 0.0000, frame_0_d1.dn_loss_bbox: 0.0000, frame_0_d2.dn_loss_cls: 0.0000, frame_0_d2.dn_loss_bbox: 0.0000, frame_0_d3.dn_loss_cls: 0.0000, frame_0_d3.dn_loss_bbox: 0.0000, frame_0_d4.dn_loss_cls: 0.0000, frame_0_d4.dn_loss_bbox: 0.0000, frame_0_enc_loss_cls: nan, frame_0_enc_loss_bbox: nan, frame_0_enc_loss_iou: nan, frame_0_centers2d_losses: nan, frame_0_centerness_losses: nan, loss: nan, grad_norm: nan
2026-01-06 14:50:21,741 - mmdet - INFO - Exp name: stream_petr_r50_flash_704_bs2_seq_24e.py
2026-01-06 14:50:21,741 - mmdet - INFO - Iter [6000/84384]	lr: 3.950e-04, eta: 4:22:52, time: 0.191, data_time: 0.015, memory: 6403, frame_0_loss_cls: 0.0000, frame_0_loss_bbox: 0.0000, frame_0_d0.loss_cls: 0.0000, frame_0_d0.loss_bbox: 0.0000, frame_0_d1.loss_cls: 0.0000, frame_0_d1.loss_bbox: 0.0000, frame_0_d2.loss_cls: 0.0000, frame_0_d2.loss_bbox: 0.0000, frame_0_d3.loss_cls: 0.0000, frame_0_d3.loss_bbox: 0.0000, frame_0_d4.loss_cls: 0.0000, frame_0_d4.loss_bbox: 0.0000, frame_0_dn_loss_cls: 0.0000, frame_0_dn_loss_bbox: 0.0000, frame_0_d0.dn_loss_cls: 0.0000, frame_0_d0.dn_loss_bbox: 0.0000, frame_0_d1.dn_loss_cls: 0.0000, frame_0_d1.dn_loss_bbox: 0.0000, frame_0_d2.dn_loss_cls: 0.0000, frame_0_d2.dn_loss_bbox: 0.0000, frame_0_d3.dn_loss_cls: 0.0000, frame_0_d3.dn_loss_bbox: 0.0000, frame_0_d4.dn_loss_cls: 0.0000, frame_0_d4.dn_loss_bbox: 0.0000, frame_0_enc_loss_cls: nan, frame_0_enc_loss_bbox: nan, frame_0_enc_loss_iou: nan, frame_0_centers2d_losses: nan, frame_0_centerness_losses: nan, loss: nan, grad_norm: nan
2026-01-06 14:50:31,488 - mmdet - INFO - Iter [6050/84384]	lr: 3.950e-04, eta: 4:22:38, time: 0.195, data_time: 0.016, memory: 6403, frame_0_loss_cls: 0.0000, frame_0_loss_bbox: 0.0000, frame_0_d0.loss_cls: 0.0000, frame_0_d0.loss_bbox: 0.0000, frame_0_d1.loss_cls: 0.0000, frame_0_d1.loss_bbox: 0.0000, frame_0_d2.loss_cls: 0.0000, frame_0_d2.loss_bbox: 0.0000, frame_0_d3.loss_cls: 0.0000, frame_0_d3.loss_bbox: 0.0000, frame_0_d4.loss_cls: 0.0000, frame_0_d4.loss_bbox: 0.0000, frame_0_dn_loss_cls: 0.0000, frame_0_dn_loss_bbox: 0.0000, frame_0_d0.dn_loss_cls: 0.0000, frame_0_d0.dn_loss_bbox: 0.0000, frame_0_d1.dn_loss_cls: 0.0000, frame_0_d1.dn_loss_bbox: 0.0000, frame_0_d2.dn_loss_cls: 0.0000, frame_0_d2.dn_loss_bbox: 0.0000, frame_0_d3.dn_loss_cls: 0.0000, frame_0_d3.dn_loss_bbox: 0.0000, frame_0_d4.dn_loss_cls: 0.0000, frame_0_d4.dn_loss_bbox: 0.0000, frame_0_enc_loss_cls: nan, frame_0_enc_loss_bbox: nan, frame_0_enc_loss_iou: nan, frame_0_centers2d_losses: nan, frame_0_centerness_losses: nan, loss: nan, grad_norm: nan
2026-01-06 14:50:41,337 - mmdet - INFO - Iter [6100/84384]	lr: 3.949e-04, eta: 4:22:25, time: 0.197, data_time: 0.016, memory: 6403, frame_0_loss_cls: 0.0000, frame_0_loss_bbox: 0.0000, frame_0_d0.loss_cls: 0.0000, frame_0_d0.loss_bbox: 0.0000, frame_0_d1.loss_cls: 0.0000, frame_0_d1.loss_bbox: 0.0000, frame_0_d2.loss_cls: 0.0000, frame_0_d2.loss_bbox: 0.0000, frame_0_d3.loss_cls: 0.0000, frame_0_d3.loss_bbox: 0.0000, frame_0_d4.loss_cls: 0.0000, frame_0_d4.loss_bbox: 0.0000, frame_0_dn_loss_cls: 0.0000, frame_0_dn_loss_bbox: 0.0000, frame_0_d0.dn_loss_cls: 0.0000, frame_0_d0.dn_loss_bbox: 0.0000, frame_0_d1.dn_loss_cls: 0.0000, frame_0_d1.dn_loss_bbox: 0.0000, frame_0_d2.dn_loss_cls: 0.0000, frame_0_d2.dn_loss_bbox: 0.0000, frame_0_d3.dn_loss_cls: 0.0000, frame_0_d3.dn_loss_bbox: 0.0000, frame_0_d4.dn_loss_cls: 0.0000, frame_0_d4.dn_loss_bbox: 0.0000, frame_0_enc_loss_cls: nan, frame_0_enc_loss_bbox: nan, frame_0_enc_loss_iou: nan, frame_0_centers2d_losses: nan, frame_0_centerness_losses: nan, loss: nan, grad_norm: nan
2026-01-06 14:50:51,609 - mmdet - INFO - Iter [6150/84384]	lr: 3.948e-04, eta: 4:22:17, time: 0.205, data_time: 0.016, memory: 6403, frame_0_loss_cls: 0.0000, frame_0_loss_bbox: 0.0000, frame_0_d0.loss_cls: 0.0000, frame_0_d0.loss_bbox: 0.0000, frame_0_d1.loss_cls: 0.0000, frame_0_d1.loss_bbox: 0.0000, frame_0_d2.loss_cls: 0.0000, frame_0_d2.loss_bbox: 0.0000, frame_0_d3.loss_cls: 0.0000, frame_0_d3.loss_bbox: 0.0000, frame_0_d4.loss_cls: 0.0000, frame_0_d4.loss_bbox: 0.0000, frame_0_dn_loss_cls: 0.0000, frame_0_dn_loss_bbox: 0.0000, frame_0_d0.dn_loss_cls: 0.0000, frame_0_d0.dn_loss_bbox: 0.0000, frame_0_d1.dn_loss_cls: 0.0000, frame_0_d1.dn_loss_bbox: 0.0000, frame_0_d2.dn_loss_cls: 0.0000, frame_0_d2.dn_loss_bbox: 0.0000, frame_0_d3.dn_loss_cls: 0.0000, frame_0_d3.dn_loss_bbox: 0.0000, frame_0_d4.dn_loss_cls: 0.0000, frame_0_d4.dn_loss_bbox: 0.0000, frame_0_enc_loss_cls: nan, frame_0_enc_loss_bbox: nan, frame_0_enc_loss_iou: nan, frame_0_centers2d_losses: nan, frame_0_centerness_losses: nan, loss: nan, grad_norm: nan
2026-01-06 14:51:01,402 - mmdet - INFO - Iter [6200/84384]	lr: 3.947e-04, eta: 4:22:04, time: 0.196, data_time: 0.015, memory: 6403, frame_0_loss_cls: 0.0000, frame_0_loss_bbox: 0.0000, frame_0_d0.loss_cls: 0.0000, frame_0_d0.loss_bbox: 0.0000, frame_0_d1.loss_cls: 0.0000, frame_0_d1.loss_bbox: 0.0000, frame_0_d2.loss_cls: 0.0000, frame_0_d2.loss_bbox: 0.0000, frame_0_d3.loss_cls: 0.0000, frame_0_d3.loss_bbox: 0.0000, frame_0_d4.loss_cls: 0.0000, frame_0_d4.loss_bbox: 0.0000, frame_0_dn_loss_cls: 0.0000, frame_0_dn_loss_bbox: 0.0000, frame_0_d0.dn_loss_cls: 0.0000, frame_0_d0.dn_loss_bbox: 0.0000, frame_0_d1.dn_loss_cls: 0.0000, frame_0_d1.dn_loss_bbox: 0.0000, frame_0_d2.dn_loss_cls: 0.0000, frame_0_d2.dn_loss_bbox: 0.0000, frame_0_d3.dn_loss_cls: 0.0000, frame_0_d3.dn_loss_bbox: 0.0000, frame_0_d4.dn_loss_cls: 0.0000, frame_0_d4.dn_loss_bbox: 0.0000, frame_0_enc_loss_cls: nan, frame_0_enc_loss_bbox: nan, frame_0_enc_loss_iou: nan, frame_0_centers2d_losses: nan, frame_0_centerness_losses: nan, loss: nan, grad_norm: nan
2026-01-06 14:51:11,421 - mmdet - INFO - Iter [6250/84384]	lr: 3.946e-04, eta: 4:21:54, time: 0.200, data_time: 0.015, memory: 6403, frame_0_loss_cls: 0.0000, frame_0_loss_bbox: 0.0000, frame_0_d0.loss_cls: 0.0000, frame_0_d0.loss_bbox: 0.0000, frame_0_d1.loss_cls: 0.0000, frame_0_d1.loss_bbox: 0.0000, frame_0_d2.loss_cls: 0.0000, frame_0_d2.loss_bbox: 0.0000, frame_0_d3.loss_cls: 0.0000, frame_0_d3.loss_bbox: 0.0000, frame_0_d4.loss_cls: 0.0000, frame_0_d4.loss_bbox: 0.0000, frame_0_dn_loss_cls: 0.0000, frame_0_dn_loss_bbox: 0.0000, frame_0_d0.dn_loss_cls: 0.0000, frame_0_d0.dn_loss_bbox: 0.0000, frame_0_d1.dn_loss_cls: 0.0000, frame_0_d1.dn_loss_bbox: 0.0000, frame_0_d2.dn_loss_cls: 0.0000, frame_0_d2.dn_loss_bbox: 0.0000, frame_0_d3.dn_loss_cls: 0.0000, frame_0_d3.dn_loss_bbox: 0.0000, frame_0_d4.dn_loss_cls: 0.0000, frame_0_d4.dn_loss_bbox: 0.0000, frame_0_enc_loss_cls: nan, frame_0_enc_loss_bbox: nan, frame_0_enc_loss_iou: nan, frame_0_centers2d_losses: nan, frame_0_centerness_losses: nan, loss: nan, grad_norm: nan
2026-01-06 14:51:21,143 - mmdet - INFO - Iter [6300/84384]	lr: 3.945e-04, eta: 4:21:39, time: 0.194, data_time: 0.016, memory: 6403, frame_0_loss_cls: 0.0000, frame_0_loss_bbox: 0.0000, frame_0_d0.loss_cls: 0.0000, frame_0_d0.loss_bbox: 0.0000, frame_0_d1.loss_cls: 0.0000, frame_0_d1.loss_bbox: 0.0000, frame_0_d2.loss_cls: 0.0000, frame_0_d2.loss_bbox: 0.0000, frame_0_d3.loss_cls: 0.0000, frame_0_d3.loss_bbox: 0.0000, frame_0_d4.loss_cls: 0.0000, frame_0_d4.loss_bbox: 0.0000, frame_0_dn_loss_cls: 0.0000, frame_0_dn_loss_bbox: 0.0000, frame_0_d0.dn_loss_cls: 0.0000, frame_0_d0.dn_loss_bbox: 0.0000, frame_0_d1.dn_loss_cls: 0.0000, frame_0_d1.dn_loss_bbox: 0.0000, frame_0_d2.dn_loss_cls: 0.0000, frame_0_d2.dn_loss_bbox: 0.0000, frame_0_d3.dn_loss_cls: 0.0000, frame_0_d3.dn_loss_bbox: 0.0000, frame_0_d4.dn_loss_cls: 0.0000, frame_0_d4.dn_loss_bbox: 0.0000, frame_0_enc_loss_cls: nan, frame_0_enc_loss_bbox: nan, frame_0_enc_loss_iou: nan, frame_0_centers2d_losses: nan, frame_0_centerness_losses: nan, loss: nan, grad_norm: nan
2026-01-06 14:51:30,448 - mmdet - INFO - Iter [6350/84384]	lr: 3.944e-04, eta: 4:21:20, time: 0.186, data_time: 0.015, memory: 6403, frame_0_loss_cls: 0.0000, frame_0_loss_bbox: 0.0000, frame_0_d0.loss_cls: 0.0000, frame_0_d0.loss_bbox: 0.0000, frame_0_d1.loss_cls: 0.0000, frame_0_d1.loss_bbox: 0.0000, frame_0_d2.loss_cls: 0.0000, frame_0_d2.loss_bbox: 0.0000, frame_0_d3.loss_cls: 0.0000, frame_0_d3.loss_bbox: 0.0000, frame_0_d4.loss_cls: 0.0000, frame_0_d4.loss_bbox: 0.0000, frame_0_dn_loss_cls: 0.0000, frame_0_dn_loss_bbox: 0.0000, frame_0_d0.dn_loss_cls: 0.0000, frame_0_d0.dn_loss_bbox: 0.0000, frame_0_d1.dn_loss_cls: 0.0000, frame_0_d1.dn_loss_bbox: 0.0000, frame_0_d2.dn_loss_cls: 0.0000, frame_0_d2.dn_loss_bbox: 0.0000, frame_0_d3.dn_loss_cls: 0.0000, frame_0_d3.dn_loss_bbox: 0.0000, frame_0_d4.dn_loss_cls: 0.0000, frame_0_d4.dn_loss_bbox: 0.0000, frame_0_enc_loss_cls: nan, frame_0_enc_loss_bbox: nan, frame_0_enc_loss_iou: nan, frame_0_centers2d_losses: nan, frame_0_centerness_losses: nan, loss: nan, grad_norm: nan
2026-01-06 14:51:39,563 - mmdet - INFO - Iter [6400/84384]	lr: 3.944e-04, eta: 4:20:59, time: 0.182, data_time: 0.015, memory: 6403, frame_0_loss_cls: 0.0000, frame_0_loss_bbox: 0.0000, frame_0_d0.loss_cls: 0.0000, frame_0_d0.loss_bbox: 0.0000, frame_0_d1.loss_cls: 0.0000, frame_0_d1.loss_bbox: 0.0000, frame_0_d2.loss_cls: 0.0000, frame_0_d2.loss_bbox: 0.0000, frame_0_d3.loss_cls: 0.0000, frame_0_d3.loss_bbox: 0.0000, frame_0_d4.loss_cls: 0.0000, frame_0_d4.loss_bbox: 0.0000, frame_0_dn_loss_cls: 0.0000, frame_0_dn_loss_bbox: 0.0000, frame_0_d0.dn_loss_cls: 0.0000, frame_0_d0.dn_loss_bbox: 0.0000, frame_0_d1.dn_loss_cls: 0.0000, frame_0_d1.dn_loss_bbox: 0.0000, frame_0_d2.dn_loss_cls: 0.0000, frame_0_d2.dn_loss_bbox: 0.0000, frame_0_d3.dn_loss_cls: 0.0000, frame_0_d3.dn_loss_bbox: 0.0000, frame_0_d4.dn_loss_cls: 0.0000, frame_0_d4.dn_loss_bbox: 0.0000, frame_0_enc_loss_cls: nan, frame_0_enc_loss_bbox: nan, frame_0_enc_loss_iou: nan, frame_0_centers2d_losses: nan, frame_0_centerness_losses: nan, loss: nan, grad_norm: nan
2026-01-06 14:51:49,085 - mmdet - INFO - Iter [6450/84384]	lr: 3.943e-04, eta: 4:20:42, time: 0.190, data_time: 0.015, memory: 6403, frame_0_loss_cls: 0.0000, frame_0_loss_bbox: 0.0000, frame_0_d0.loss_cls: 0.0000, frame_0_d0.loss_bbox: 0.0000, frame_0_d1.loss_cls: 0.0000, frame_0_d1.loss_bbox: 0.0000, frame_0_d2.loss_cls: 0.0000, frame_0_d2.loss_bbox: 0.0000, frame_0_d3.loss_cls: 0.0000, frame_0_d3.loss_bbox: 0.0000, frame_0_d4.loss_cls: 0.0000, frame_0_d4.loss_bbox: 0.0000, frame_0_dn_loss_cls: 0.0000, frame_0_dn_loss_bbox: 0.0000, frame_0_d0.dn_loss_cls: 0.0000, frame_0_d0.dn_loss_bbox: 0.0000, frame_0_d1.dn_loss_cls: 0.0000, frame_0_d1.dn_loss_bbox: 0.0000, frame_0_d2.dn_loss_cls: 0.0000, frame_0_d2.dn_loss_bbox: 0.0000, frame_0_d3.dn_loss_cls: 0.0000, frame_0_d3.dn_loss_bbox: 0.0000, frame_0_d4.dn_loss_cls: 0.0000, frame_0_d4.dn_loss_bbox: 0.0000, frame_0_enc_loss_cls: nan, frame_0_enc_loss_bbox: nan, frame_0_enc_loss_iou: nan, frame_0_centers2d_losses: nan, frame_0_centerness_losses: nan, loss: nan, grad_norm: nan
2026-01-06 14:51:58,604 - mmdet - INFO - Iter [6500/84384]	lr: 3.942e-04, eta: 4:20:26, time: 0.190, data_time: 0.015, memory: 6403, frame_0_loss_cls: 0.0000, frame_0_loss_bbox: 0.0000, frame_0_d0.loss_cls: 0.0000, frame_0_d0.loss_bbox: 0.0000, frame_0_d1.loss_cls: 0.0000, frame_0_d1.loss_bbox: 0.0000, frame_0_d2.loss_cls: 0.0000, frame_0_d2.loss_bbox: 0.0000, frame_0_d3.loss_cls: 0.0000, frame_0_d3.loss_bbox: 0.0000, frame_0_d4.loss_cls: 0.0000, frame_0_d4.loss_bbox: 0.0000, frame_0_dn_loss_cls: 0.0000, frame_0_dn_loss_bbox: 0.0000, frame_0_d0.dn_loss_cls: 0.0000, frame_0_d0.dn_loss_bbox: 0.0000, frame_0_d1.dn_loss_cls: 0.0000, frame_0_d1.dn_loss_bbox: 0.0000, frame_0_d2.dn_loss_cls: 0.0000, frame_0_d2.dn_loss_bbox: 0.0000, frame_0_d3.dn_loss_cls: 0.0000, frame_0_d3.dn_loss_bbox: 0.0000, frame_0_d4.dn_loss_cls: 0.0000, frame_0_d4.dn_loss_bbox: 0.0000, frame_0_enc_loss_cls: nan, frame_0_enc_loss_bbox: nan, frame_0_enc_loss_iou: nan, frame_0_centers2d_losses: nan, frame_0_centerness_losses: nan, loss: nan, grad_norm: nan
2026-01-06 14:52:07,728 - mmdet - INFO - Iter [6550/84384]	lr: 3.941e-04, eta: 4:20:05, time: 0.182, data_time: 0.015, memory: 6403, frame_0_loss_cls: 0.0000, frame_0_loss_bbox: 0.0000, frame_0_d0.loss_cls: 0.0000, frame_0_d0.loss_bbox: 0.0000, frame_0_d1.loss_cls: 0.0000, frame_0_d1.loss_bbox: 0.0000, frame_0_d2.loss_cls: 0.0000, frame_0_d2.loss_bbox: 0.0000, frame_0_d3.loss_cls: 0.0000, frame_0_d3.loss_bbox: 0.0000, frame_0_d4.loss_cls: 0.0000, frame_0_d4.loss_bbox: 0.0000, frame_0_dn_loss_cls: 0.0000, frame_0_dn_loss_bbox: 0.0000, frame_0_d0.dn_loss_cls: 0.0000, frame_0_d0.dn_loss_bbox: 0.0000, frame_0_d1.dn_loss_cls: 0.0000, frame_0_d1.dn_loss_bbox: 0.0000, frame_0_d2.dn_loss_cls: 0.0000, frame_0_d2.dn_loss_bbox: 0.0000, frame_0_d3.dn_loss_cls: 0.0000, frame_0_d3.dn_loss_bbox: 0.0000, frame_0_d4.dn_loss_cls: 0.0000, frame_0_d4.dn_loss_bbox: 0.0000, frame_0_enc_loss_cls: nan, frame_0_enc_loss_bbox: nan, frame_0_enc_loss_iou: nan, frame_0_centers2d_losses: nan, frame_0_centerness_losses: nan, loss: nan, grad_norm: nan
2026-01-06 14:52:17,240 - mmdet - INFO - Iter [6600/84384]	lr: 3.940e-04, eta: 4:19:49, time: 0.190, data_time: 0.014, memory: 6403, frame_0_loss_cls: 0.0000, frame_0_loss_bbox: 0.0000, frame_0_d0.loss_cls: 0.0000, frame_0_d0.loss_bbox: 0.0000, frame_0_d1.loss_cls: 0.0000, frame_0_d1.loss_bbox: 0.0000, frame_0_d2.loss_cls: 0.0000, frame_0_d2.loss_bbox: 0.0000, frame_0_d3.loss_cls: 0.0000, frame_0_d3.loss_bbox: 0.0000, frame_0_d4.loss_cls: 0.0000, frame_0_d4.loss_bbox: 0.0000, frame_0_dn_loss_cls: 0.0000, frame_0_dn_loss_bbox: 0.0000, frame_0_d0.dn_loss_cls: 0.0000, frame_0_d0.dn_loss_bbox: 0.0000, frame_0_d1.dn_loss_cls: 0.0000, frame_0_d1.dn_loss_bbox: 0.0000, frame_0_d2.dn_loss_cls: 0.0000, frame_0_d2.dn_loss_bbox: 0.0000, frame_0_d3.dn_loss_cls: 0.0000, frame_0_d3.dn_loss_bbox: 0.0000, frame_0_d4.dn_loss_cls: 0.0000, frame_0_d4.dn_loss_bbox: 0.0000, frame_0_enc_loss_cls: nan, frame_0_enc_loss_bbox: nan, frame_0_enc_loss_iou: nan, frame_0_centers2d_losses: nan, frame_0_centerness_losses: nan, loss: nan, grad_norm: nan
2026-01-06 14:52:26,485 - mmdet - INFO - Iter [6650/84384]	lr: 3.939e-04, eta: 4:19:30, time: 0.185, data_time: 0.014, memory: 6403, frame_0_loss_cls: 0.0000, frame_0_loss_bbox: 0.0000, frame_0_d0.loss_cls: 0.0000, frame_0_d0.loss_bbox: 0.0000, frame_0_d1.loss_cls: 0.0000, frame_0_d1.loss_bbox: 0.0000, frame_0_d2.loss_cls: 0.0000, frame_0_d2.loss_bbox: 0.0000, frame_0_d3.loss_cls: 0.0000, frame_0_d3.loss_bbox: 0.0000, frame_0_d4.loss_cls: 0.0000, frame_0_d4.loss_bbox: 0.0000, frame_0_dn_loss_cls: 0.0000, frame_0_dn_loss_bbox: 0.0000, frame_0_d0.dn_loss_cls: 0.0000, frame_0_d0.dn_loss_bbox: 0.0000, frame_0_d1.dn_loss_cls: 0.0000, frame_0_d1.dn_loss_bbox: 0.0000, frame_0_d2.dn_loss_cls: 0.0000, frame_0_d2.dn_loss_bbox: 0.0000, frame_0_d3.dn_loss_cls: 0.0000, frame_0_d3.dn_loss_bbox: 0.0000, frame_0_d4.dn_loss_cls: 0.0000, frame_0_d4.dn_loss_bbox: 0.0000, frame_0_enc_loss_cls: nan, frame_0_enc_loss_bbox: nan, frame_0_enc_loss_iou: nan, frame_0_centers2d_losses: nan, frame_0_centerness_losses: nan, loss: nan, grad_norm: nan
2026-01-06 14:52:35,586 - mmdet - INFO - Iter [6700/84384]	lr: 3.938e-04, eta: 4:19:10, time: 0.182, data_time: 0.013, memory: 6403, frame_0_loss_cls: 0.0000, frame_0_loss_bbox: 0.0000, frame_0_d0.loss_cls: 0.0000, frame_0_d0.loss_bbox: 0.0000, frame_0_d1.loss_cls: 0.0000, frame_0_d1.loss_bbox: 0.0000, frame_0_d2.loss_cls: 0.0000, frame_0_d2.loss_bbox: 0.0000, frame_0_d3.loss_cls: 0.0000, frame_0_d3.loss_bbox: 0.0000, frame_0_d4.loss_cls: 0.0000, frame_0_d4.loss_bbox: 0.0000, frame_0_dn_loss_cls: 0.0000, frame_0_dn_loss_bbox: 0.0000, frame_0_d0.dn_loss_cls: 0.0000, frame_0_d0.dn_loss_bbox: 0.0000, frame_0_d1.dn_loss_cls: 0.0000, frame_0_d1.dn_loss_bbox: 0.0000, frame_0_d2.dn_loss_cls: 0.0000, frame_0_d2.dn_loss_bbox: 0.0000, frame_0_d3.dn_loss_cls: 0.0000, frame_0_d3.dn_loss_bbox: 0.0000, frame_0_d4.dn_loss_cls: 0.0000, frame_0_d4.dn_loss_bbox: 0.0000, frame_0_enc_loss_cls: nan, frame_0_enc_loss_bbox: nan, frame_0_enc_loss_iou: nan, frame_0_centers2d_losses: nan, frame_0_centerness_losses: nan, loss: nan, grad_norm: nan
2026-01-06 14:52:45,060 - mmdet - INFO - Iter [6750/84384]	lr: 3.937e-04, eta: 4:18:53, time: 0.189, data_time: 0.014, memory: 6403, frame_0_loss_cls: 0.0000, frame_0_loss_bbox: 0.0000, frame_0_d0.loss_cls: 0.0000, frame_0_d0.loss_bbox: 0.0000, frame_0_d1.loss_cls: 0.0000, frame_0_d1.loss_bbox: 0.0000, frame_0_d2.loss_cls: 0.0000, frame_0_d2.loss_bbox: 0.0000, frame_0_d3.loss_cls: 0.0000, frame_0_d3.loss_bbox: 0.0000, frame_0_d4.loss_cls: 0.0000, frame_0_d4.loss_bbox: 0.0000, frame_0_dn_loss_cls: 0.0000, frame_0_dn_loss_bbox: 0.0000, frame_0_d0.dn_loss_cls: 0.0000, frame_0_d0.dn_loss_bbox: 0.0000, frame_0_d1.dn_loss_cls: 0.0000, frame_0_d1.dn_loss_bbox: 0.0000, frame_0_d2.dn_loss_cls: 0.0000, frame_0_d2.dn_loss_bbox: 0.0000, frame_0_d3.dn_loss_cls: 0.0000, frame_0_d3.dn_loss_bbox: 0.0000, frame_0_d4.dn_loss_cls: 0.0000, frame_0_d4.dn_loss_bbox: 0.0000, frame_0_enc_loss_cls: nan, frame_0_enc_loss_bbox: nan, frame_0_enc_loss_iou: nan, frame_0_centers2d_losses: nan, frame_0_centerness_losses: nan, loss: nan, grad_norm: nan
2026-01-06 14:52:55,431 - mmdet - INFO - Iter [6800/84384]	lr: 3.936e-04, eta: 4:18:48, time: 0.207, data_time: 0.015, memory: 6403, frame_0_loss_cls: 0.0000, frame_0_loss_bbox: 0.0000, frame_0_d0.loss_cls: 0.0000, frame_0_d0.loss_bbox: 0.0000, frame_0_d1.loss_cls: 0.0000, frame_0_d1.loss_bbox: 0.0000, frame_0_d2.loss_cls: 0.0000, frame_0_d2.loss_bbox: 0.0000, frame_0_d3.loss_cls: 0.0000, frame_0_d3.loss_bbox: 0.0000, frame_0_d4.loss_cls: 0.0000, frame_0_d4.loss_bbox: 0.0000, frame_0_dn_loss_cls: 0.0000, frame_0_dn_loss_bbox: 0.0000, frame_0_d0.dn_loss_cls: 0.0000, frame_0_d0.dn_loss_bbox: 0.0000, frame_0_d1.dn_loss_cls: 0.0000, frame_0_d1.dn_loss_bbox: 0.0000, frame_0_d2.dn_loss_cls: 0.0000, frame_0_d2.dn_loss_bbox: 0.0000, frame_0_d3.dn_loss_cls: 0.0000, frame_0_d3.dn_loss_bbox: 0.0000, frame_0_d4.dn_loss_cls: 0.0000, frame_0_d4.dn_loss_bbox: 0.0000, frame_0_enc_loss_cls: nan, frame_0_enc_loss_bbox: nan, frame_0_enc_loss_iou: nan, frame_0_centers2d_losses: nan, frame_0_centerness_losses: nan, loss: nan, grad_norm: nan
2026-01-06 14:53:05,340 - mmdet - INFO - Iter [6850/84384]	lr: 3.935e-04, eta: 4:18:36, time: 0.198, data_time: 0.014, memory: 6403, frame_0_loss_cls: 0.0000, frame_0_loss_bbox: 0.0000, frame_0_d0.loss_cls: 0.0000, frame_0_d0.loss_bbox: 0.0000, frame_0_d1.loss_cls: 0.0000, frame_0_d1.loss_bbox: 0.0000, frame_0_d2.loss_cls: 0.0000, frame_0_d2.loss_bbox: 0.0000, frame_0_d3.loss_cls: 0.0000, frame_0_d3.loss_bbox: 0.0000, frame_0_d4.loss_cls: 0.0000, frame_0_d4.loss_bbox: 0.0000, frame_0_dn_loss_cls: 0.0000, frame_0_dn_loss_bbox: 0.0000, frame_0_d0.dn_loss_cls: 0.0000, frame_0_d0.dn_loss_bbox: 0.0000, frame_0_d1.dn_loss_cls: 0.0000, frame_0_d1.dn_loss_bbox: 0.0000, frame_0_d2.dn_loss_cls: 0.0000, frame_0_d2.dn_loss_bbox: 0.0000, frame_0_d3.dn_loss_cls: 0.0000, frame_0_d3.dn_loss_bbox: 0.0000, frame_0_d4.dn_loss_cls: 0.0000, frame_0_d4.dn_loss_bbox: 0.0000, frame_0_enc_loss_cls: nan, frame_0_enc_loss_bbox: nan, frame_0_enc_loss_iou: nan, frame_0_centers2d_losses: nan, frame_0_centerness_losses: nan, loss: nan, grad_norm: nan
2026-01-06 14:53:14,995 - mmdet - INFO - Iter [6900/84384]	lr: 3.934e-04, eta: 4:18:23, time: 0.193, data_time: 0.014, memory: 6403, frame_0_loss_cls: 0.0000, frame_0_loss_bbox: 0.0000, frame_0_d0.loss_cls: 0.0000, frame_0_d0.loss_bbox: 0.0000, frame_0_d1.loss_cls: 0.0000, frame_0_d1.loss_bbox: 0.0000, frame_0_d2.loss_cls: 0.0000, frame_0_d2.loss_bbox: 0.0000, frame_0_d3.loss_cls: 0.0000, frame_0_d3.loss_bbox: 0.0000, frame_0_d4.loss_cls: 0.0000, frame_0_d4.loss_bbox: 0.0000, frame_0_dn_loss_cls: 0.0000, frame_0_dn_loss_bbox: 0.0000, frame_0_d0.dn_loss_cls: 0.0000, frame_0_d0.dn_loss_bbox: 0.0000, frame_0_d1.dn_loss_cls: 0.0000, frame_0_d1.dn_loss_bbox: 0.0000, frame_0_d2.dn_loss_cls: 0.0000, frame_0_d2.dn_loss_bbox: 0.0000, frame_0_d3.dn_loss_cls: 0.0000, frame_0_d3.dn_loss_bbox: 0.0000, frame_0_d4.dn_loss_cls: 0.0000, frame_0_d4.dn_loss_bbox: 0.0000, frame_0_enc_loss_cls: nan, frame_0_enc_loss_bbox: nan, frame_0_enc_loss_iou: nan, frame_0_centers2d_losses: nan, frame_0_centerness_losses: nan, loss: nan, grad_norm: nan
2026-01-06 14:53:24,211 - mmdet - INFO - Iter [6950/84384]	lr: 3.934e-04, eta: 4:18:04, time: 0.184, data_time: 0.015, memory: 6403, frame_0_loss_cls: 0.0000, frame_0_loss_bbox: 0.0000, frame_0_d0.loss_cls: 0.0000, frame_0_d0.loss_bbox: 0.0000, frame_0_d1.loss_cls: 0.0000, frame_0_d1.loss_bbox: 0.0000, frame_0_d2.loss_cls: 0.0000, frame_0_d2.loss_bbox: 0.0000, frame_0_d3.loss_cls: 0.0000, frame_0_d3.loss_bbox: 0.0000, frame_0_d4.loss_cls: 0.0000, frame_0_d4.loss_bbox: 0.0000, frame_0_dn_loss_cls: 0.0000, frame_0_dn_loss_bbox: 0.0000, frame_0_d0.dn_loss_cls: 0.0000, frame_0_d0.dn_loss_bbox: 0.0000, frame_0_d1.dn_loss_cls: 0.0000, frame_0_d1.dn_loss_bbox: 0.0000, frame_0_d2.dn_loss_cls: 0.0000, frame_0_d2.dn_loss_bbox: 0.0000, frame_0_d3.dn_loss_cls: 0.0000, frame_0_d3.dn_loss_bbox: 0.0000, frame_0_d4.dn_loss_cls: 0.0000, frame_0_d4.dn_loss_bbox: 0.0000, frame_0_enc_loss_cls: nan, frame_0_enc_loss_bbox: nan, frame_0_enc_loss_iou: nan, frame_0_centers2d_losses: nan, frame_0_centerness_losses: nan, loss: nan, grad_norm: nan
2026-01-06 14:53:33,459 - mmdet - INFO - Exp name: stream_petr_r50_flash_704_bs2_seq_24e.py
2026-01-06 14:53:33,460 - mmdet - INFO - Iter [7000/84384]	lr: 3.933e-04, eta: 4:17:45, time: 0.185, data_time: 0.015, memory: 6403, frame_0_loss_cls: 0.0000, frame_0_loss_bbox: 0.0000, frame_0_d0.loss_cls: 0.0000, frame_0_d0.loss_bbox: 0.0000, frame_0_d1.loss_cls: 0.0000, frame_0_d1.loss_bbox: 0.0000, frame_0_d2.loss_cls: 0.0000, frame_0_d2.loss_bbox: 0.0000, frame_0_d3.loss_cls: 0.0000, frame_0_d3.loss_bbox: 0.0000, frame_0_d4.loss_cls: 0.0000, frame_0_d4.loss_bbox: 0.0000, frame_0_dn_loss_cls: 0.0000, frame_0_dn_loss_bbox: 0.0000, frame_0_d0.dn_loss_cls: 0.0000, frame_0_d0.dn_loss_bbox: 0.0000, frame_0_d1.dn_loss_cls: 0.0000, frame_0_d1.dn_loss_bbox: 0.0000, frame_0_d2.dn_loss_cls: 0.0000, frame_0_d2.dn_loss_bbox: 0.0000, frame_0_d3.dn_loss_cls: 0.0000, frame_0_d3.dn_loss_bbox: 0.0000, frame_0_d4.dn_loss_cls: 0.0000, frame_0_d4.dn_loss_bbox: 0.0000, frame_0_enc_loss_cls: nan, frame_0_enc_loss_bbox: nan, frame_0_enc_loss_iou: nan, frame_0_centers2d_losses: nan, frame_0_centerness_losses: nan, loss: nan, grad_norm: nan
2026-01-06 14:53:39,900 - mmdet - INFO - Saving checkpoint at 7032 iterations
2026-01-06 14:53:44,168 - mmdet - INFO - Iter [7050/84384]	lr: 3.932e-04, eta: 4:17:43, time: 0.214, data_time: 0.016, memory: 6403, frame_0_loss_cls: 0.0000, frame_0_loss_bbox: 0.0000, frame_0_d0.loss_cls: 0.0000, frame_0_d0.loss_bbox: 0.0000, frame_0_d1.loss_cls: 0.0000, frame_0_d1.loss_bbox: 0.0000, frame_0_d2.loss_cls: 0.0000, frame_0_d2.loss_bbox: 0.0000, frame_0_d3.loss_cls: 0.0000, frame_0_d3.loss_bbox: 0.0000, frame_0_d4.loss_cls: 0.0000, frame_0_d4.loss_bbox: 0.0000, frame_0_dn_loss_cls: 0.0000, frame_0_dn_loss_bbox: 0.0000, frame_0_d0.dn_loss_cls: 0.0000, frame_0_d0.dn_loss_bbox: 0.0000, frame_0_d1.dn_loss_cls: 0.0000, frame_0_d1.dn_loss_bbox: 0.0000, frame_0_d2.dn_loss_cls: 0.0000, frame_0_d2.dn_loss_bbox: 0.0000, frame_0_d3.dn_loss_cls: 0.0000, frame_0_d3.dn_loss_bbox: 0.0000, frame_0_d4.dn_loss_cls: 0.0000, frame_0_d4.dn_loss_bbox: 0.0000, frame_0_enc_loss_cls: nan, frame_0_enc_loss_bbox: nan, frame_0_enc_loss_iou: nan, frame_0_centers2d_losses: nan, frame_0_centerness_losses: nan, loss: nan, grad_norm: nan
2026-01-06 14:53:53,062 - mmdet - INFO - Iter [7100/84384]	lr: 3.931e-04, eta: 4:17:21, time: 0.178, data_time: 0.015, memory: 6403, frame_0_loss_cls: 0.0000, frame_0_loss_bbox: 0.0000, frame_0_d0.loss_cls: 0.0000, frame_0_d0.loss_bbox: 0.0000, frame_0_d1.loss_cls: 0.0000, frame_0_d1.loss_bbox: 0.0000, frame_0_d2.loss_cls: 0.0000, frame_0_d2.loss_bbox: 0.0000, frame_0_d3.loss_cls: 0.0000, frame_0_d3.loss_bbox: 0.0000, frame_0_d4.loss_cls: 0.0000, frame_0_d4.loss_bbox: 0.0000, frame_0_dn_loss_cls: 0.0000, frame_0_dn_loss_bbox: 0.0000, frame_0_d0.dn_loss_cls: 0.0000, frame_0_d0.dn_loss_bbox: 0.0000, frame_0_d1.dn_loss_cls: 0.0000, frame_0_d1.dn_loss_bbox: 0.0000, frame_0_d2.dn_loss_cls: 0.0000, frame_0_d2.dn_loss_bbox: 0.0000, frame_0_d3.dn_loss_cls: 0.0000, frame_0_d3.dn_loss_bbox: 0.0000, frame_0_d4.dn_loss_cls: 0.0000, frame_0_d4.dn_loss_bbox: 0.0000, frame_0_enc_loss_cls: nan, frame_0_enc_loss_bbox: nan, frame_0_enc_loss_iou: nan, frame_0_centers2d_losses: nan, frame_0_centerness_losses: nan, loss: nan, grad_norm: nan
2026-01-06 14:54:02,370 - mmdet - INFO - Iter [7150/84384]	lr: 3.930e-04, eta: 4:17:04, time: 0.186, data_time: 0.014, memory: 6403, frame_0_loss_cls: 0.0000, frame_0_loss_bbox: 0.0000, frame_0_d0.loss_cls: 0.0000, frame_0_d0.loss_bbox: 0.0000, frame_0_d1.loss_cls: 0.0000, frame_0_d1.loss_bbox: 0.0000, frame_0_d2.loss_cls: 0.0000, frame_0_d2.loss_bbox: 0.0000, frame_0_d3.loss_cls: 0.0000, frame_0_d3.loss_bbox: 0.0000, frame_0_d4.loss_cls: 0.0000, frame_0_d4.loss_bbox: 0.0000, frame_0_dn_loss_cls: 0.0000, frame_0_dn_loss_bbox: 0.0000, frame_0_d0.dn_loss_cls: 0.0000, frame_0_d0.dn_loss_bbox: 0.0000, frame_0_d1.dn_loss_cls: 0.0000, frame_0_d1.dn_loss_bbox: 0.0000, frame_0_d2.dn_loss_cls: 0.0000, frame_0_d2.dn_loss_bbox: 0.0000, frame_0_d3.dn_loss_cls: 0.0000, frame_0_d3.dn_loss_bbox: 0.0000, frame_0_d4.dn_loss_cls: 0.0000, frame_0_d4.dn_loss_bbox: 0.0000, frame_0_enc_loss_cls: nan, frame_0_enc_loss_bbox: nan, frame_0_enc_loss_iou: nan, frame_0_centers2d_losses: nan, frame_0_centerness_losses: nan, loss: nan, grad_norm: nan
2026-01-06 14:54:11,315 - mmdet - INFO - Iter [7200/84384]	lr: 3.929e-04, eta: 4:16:43, time: 0.179, data_time: 0.015, memory: 6403, frame_0_loss_cls: 0.0000, frame_0_loss_bbox: 0.0000, frame_0_d0.loss_cls: 0.0000, frame_0_d0.loss_bbox: 0.0000, frame_0_d1.loss_cls: 0.0000, frame_0_d1.loss_bbox: 0.0000, frame_0_d2.loss_cls: 0.0000, frame_0_d2.loss_bbox: 0.0000, frame_0_d3.loss_cls: 0.0000, frame_0_d3.loss_bbox: 0.0000, frame_0_d4.loss_cls: 0.0000, frame_0_d4.loss_bbox: 0.0000, frame_0_dn_loss_cls: 0.0000, frame_0_dn_loss_bbox: 0.0000, frame_0_d0.dn_loss_cls: 0.0000, frame_0_d0.dn_loss_bbox: 0.0000, frame_0_d1.dn_loss_cls: 0.0000, frame_0_d1.dn_loss_bbox: 0.0000, frame_0_d2.dn_loss_cls: 0.0000, frame_0_d2.dn_loss_bbox: 0.0000, frame_0_d3.dn_loss_cls: 0.0000, frame_0_d3.dn_loss_bbox: 0.0000, frame_0_d4.dn_loss_cls: 0.0000, frame_0_d4.dn_loss_bbox: 0.0000, frame_0_enc_loss_cls: nan, frame_0_enc_loss_bbox: nan, frame_0_enc_loss_iou: nan, frame_0_centers2d_losses: nan, frame_0_centerness_losses: nan, loss: nan, grad_norm: nan
2026-01-06 14:54:20,672 - mmdet - INFO - Iter [7250/84384]	lr: 3.928e-04, eta: 4:16:26, time: 0.187, data_time: 0.016, memory: 6403, frame_0_loss_cls: 0.0000, frame_0_loss_bbox: 0.0000, frame_0_d0.loss_cls: 0.0000, frame_0_d0.loss_bbox: 0.0000, frame_0_d1.loss_cls: 0.0000, frame_0_d1.loss_bbox: 0.0000, frame_0_d2.loss_cls: 0.0000, frame_0_d2.loss_bbox: 0.0000, frame_0_d3.loss_cls: 0.0000, frame_0_d3.loss_bbox: 0.0000, frame_0_d4.loss_cls: 0.0000, frame_0_d4.loss_bbox: 0.0000, frame_0_dn_loss_cls: 0.0000, frame_0_dn_loss_bbox: 0.0000, frame_0_d0.dn_loss_cls: 0.0000, frame_0_d0.dn_loss_bbox: 0.0000, frame_0_d1.dn_loss_cls: 0.0000, frame_0_d1.dn_loss_bbox: 0.0000, frame_0_d2.dn_loss_cls: 0.0000, frame_0_d2.dn_loss_bbox: 0.0000, frame_0_d3.dn_loss_cls: 0.0000, frame_0_d3.dn_loss_bbox: 0.0000, frame_0_d4.dn_loss_cls: 0.0000, frame_0_d4.dn_loss_bbox: 0.0000, frame_0_enc_loss_cls: nan, frame_0_enc_loss_bbox: nan, frame_0_enc_loss_iou: nan, frame_0_centers2d_losses: nan, frame_0_centerness_losses: nan, loss: nan, grad_norm: nan
2026-01-06 14:54:31,355 - mmdet - INFO - Iter [7300/84384]	lr: 3.927e-04, eta: 4:16:24, time: 0.214, data_time: 0.016, memory: 6403, frame_0_loss_cls: 0.0000, frame_0_loss_bbox: 0.0000, frame_0_d0.loss_cls: 0.0000, frame_0_d0.loss_bbox: 0.0000, frame_0_d1.loss_cls: 0.0000, frame_0_d1.loss_bbox: 0.0000, frame_0_d2.loss_cls: 0.0000, frame_0_d2.loss_bbox: 0.0000, frame_0_d3.loss_cls: 0.0000, frame_0_d3.loss_bbox: 0.0000, frame_0_d4.loss_cls: 0.0000, frame_0_d4.loss_bbox: 0.0000, frame_0_dn_loss_cls: 0.0000, frame_0_dn_loss_bbox: 0.0000, frame_0_d0.dn_loss_cls: 0.0000, frame_0_d0.dn_loss_bbox: 0.0000, frame_0_d1.dn_loss_cls: 0.0000, frame_0_d1.dn_loss_bbox: 0.0000, frame_0_d2.dn_loss_cls: 0.0000, frame_0_d2.dn_loss_bbox: 0.0000, frame_0_d3.dn_loss_cls: 0.0000, frame_0_d3.dn_loss_bbox: 0.0000, frame_0_d4.dn_loss_cls: 0.0000, frame_0_d4.dn_loss_bbox: 0.0000, frame_0_enc_loss_cls: nan, frame_0_enc_loss_bbox: nan, frame_0_enc_loss_iou: nan, frame_0_centers2d_losses: nan, frame_0_centerness_losses: nan, loss: nan, grad_norm: nan
2026-01-06 14:54:40,540 - mmdet - INFO - Iter [7350/84384]	lr: 3.926e-04, eta: 4:16:05, time: 0.184, data_time: 0.016, memory: 6403, frame_0_loss_cls: 0.0000, frame_0_loss_bbox: 0.0000, frame_0_d0.loss_cls: 0.0000, frame_0_d0.loss_bbox: 0.0000, frame_0_d1.loss_cls: 0.0000, frame_0_d1.loss_bbox: 0.0000, frame_0_d2.loss_cls: 0.0000, frame_0_d2.loss_bbox: 0.0000, frame_0_d3.loss_cls: 0.0000, frame_0_d3.loss_bbox: 0.0000, frame_0_d4.loss_cls: 0.0000, frame_0_d4.loss_bbox: 0.0000, frame_0_dn_loss_cls: 0.0000, frame_0_dn_loss_bbox: 0.0000, frame_0_d0.dn_loss_cls: 0.0000, frame_0_d0.dn_loss_bbox: 0.0000, frame_0_d1.dn_loss_cls: 0.0000, frame_0_d1.dn_loss_bbox: 0.0000, frame_0_d2.dn_loss_cls: 0.0000, frame_0_d2.dn_loss_bbox: 0.0000, frame_0_d3.dn_loss_cls: 0.0000, frame_0_d3.dn_loss_bbox: 0.0000, frame_0_d4.dn_loss_cls: 0.0000, frame_0_d4.dn_loss_bbox: 0.0000, frame_0_enc_loss_cls: nan, frame_0_enc_loss_bbox: nan, frame_0_enc_loss_iou: nan, frame_0_centers2d_losses: nan, frame_0_centerness_losses: nan, loss: nan, grad_norm: nan
2026-01-06 14:54:50,265 - mmdet - INFO - Iter [7400/84384]	lr: 3.925e-04, eta: 4:15:53, time: 0.194, data_time: 0.016, memory: 6403, frame_0_loss_cls: 0.0000, frame_0_loss_bbox: 0.0000, frame_0_d0.loss_cls: 0.0000, frame_0_d0.loss_bbox: 0.0000, frame_0_d1.loss_cls: 0.0000, frame_0_d1.loss_bbox: 0.0000, frame_0_d2.loss_cls: 0.0000, frame_0_d2.loss_bbox: 0.0000, frame_0_d3.loss_cls: 0.0000, frame_0_d3.loss_bbox: 0.0000, frame_0_d4.loss_cls: 0.0000, frame_0_d4.loss_bbox: 0.0000, frame_0_dn_loss_cls: 0.0000, frame_0_dn_loss_bbox: 0.0000, frame_0_d0.dn_loss_cls: 0.0000, frame_0_d0.dn_loss_bbox: 0.0000, frame_0_d1.dn_loss_cls: 0.0000, frame_0_d1.dn_loss_bbox: 0.0000, frame_0_d2.dn_loss_cls: 0.0000, frame_0_d2.dn_loss_bbox: 0.0000, frame_0_d3.dn_loss_cls: 0.0000, frame_0_d3.dn_loss_bbox: 0.0000, frame_0_d4.dn_loss_cls: 0.0000, frame_0_d4.dn_loss_bbox: 0.0000, frame_0_enc_loss_cls: nan, frame_0_enc_loss_bbox: nan, frame_0_enc_loss_iou: nan, frame_0_centers2d_losses: nan, frame_0_centerness_losses: nan, loss: nan, grad_norm: nan
2026-01-06 14:54:59,346 - mmdet - INFO - Iter [7450/84384]	lr: 3.924e-04, eta: 4:15:34, time: 0.182, data_time: 0.015, memory: 6403, frame_0_loss_cls: 0.0000, frame_0_loss_bbox: 0.0000, frame_0_d0.loss_cls: 0.0000, frame_0_d0.loss_bbox: 0.0000, frame_0_d1.loss_cls: 0.0000, frame_0_d1.loss_bbox: 0.0000, frame_0_d2.loss_cls: 0.0000, frame_0_d2.loss_bbox: 0.0000, frame_0_d3.loss_cls: 0.0000, frame_0_d3.loss_bbox: 0.0000, frame_0_d4.loss_cls: 0.0000, frame_0_d4.loss_bbox: 0.0000, frame_0_dn_loss_cls: 0.0000, frame_0_dn_loss_bbox: 0.0000, frame_0_d0.dn_loss_cls: 0.0000, frame_0_d0.dn_loss_bbox: 0.0000, frame_0_d1.dn_loss_cls: 0.0000, frame_0_d1.dn_loss_bbox: 0.0000, frame_0_d2.dn_loss_cls: 0.0000, frame_0_d2.dn_loss_bbox: 0.0000, frame_0_d3.dn_loss_cls: 0.0000, frame_0_d3.dn_loss_bbox: 0.0000, frame_0_d4.dn_loss_cls: 0.0000, frame_0_d4.dn_loss_bbox: 0.0000, frame_0_enc_loss_cls: nan, frame_0_enc_loss_bbox: nan, frame_0_enc_loss_iou: nan, frame_0_centers2d_losses: nan, frame_0_centerness_losses: nan, loss: nan, grad_norm: nan
2026-01-06 14:55:08,331 - mmdet - INFO - Iter [7500/84384]	lr: 3.923e-04, eta: 4:15:14, time: 0.180, data_time: 0.014, memory: 6403, frame_0_loss_cls: 0.0000, frame_0_loss_bbox: 0.0000, frame_0_d0.loss_cls: 0.0000, frame_0_d0.loss_bbox: 0.0000, frame_0_d1.loss_cls: 0.0000, frame_0_d1.loss_bbox: 0.0000, frame_0_d2.loss_cls: 0.0000, frame_0_d2.loss_bbox: 0.0000, frame_0_d3.loss_cls: 0.0000, frame_0_d3.loss_bbox: 0.0000, frame_0_d4.loss_cls: 0.0000, frame_0_d4.loss_bbox: 0.0000, frame_0_dn_loss_cls: 0.0000, frame_0_dn_loss_bbox: 0.0000, frame_0_d0.dn_loss_cls: 0.0000, frame_0_d0.dn_loss_bbox: 0.0000, frame_0_d1.dn_loss_cls: 0.0000, frame_0_d1.dn_loss_bbox: 0.0000, frame_0_d2.dn_loss_cls: 0.0000, frame_0_d2.dn_loss_bbox: 0.0000, frame_0_d3.dn_loss_cls: 0.0000, frame_0_d3.dn_loss_bbox: 0.0000, frame_0_d4.dn_loss_cls: 0.0000, frame_0_d4.dn_loss_bbox: 0.0000, frame_0_enc_loss_cls: nan, frame_0_enc_loss_bbox: nan, frame_0_enc_loss_iou: nan, frame_0_centers2d_losses: nan, frame_0_centerness_losses: nan, loss: nan, grad_norm: nan
2026-01-06 14:55:17,831 - mmdet - INFO - Iter [7550/84384]	lr: 3.922e-04, eta: 4:14:59, time: 0.190, data_time: 0.014, memory: 6403, frame_0_loss_cls: 0.0000, frame_0_loss_bbox: 0.0000, frame_0_d0.loss_cls: 0.0000, frame_0_d0.loss_bbox: 0.0000, frame_0_d1.loss_cls: 0.0000, frame_0_d1.loss_bbox: 0.0000, frame_0_d2.loss_cls: 0.0000, frame_0_d2.loss_bbox: 0.0000, frame_0_d3.loss_cls: 0.0000, frame_0_d3.loss_bbox: 0.0000, frame_0_d4.loss_cls: 0.0000, frame_0_d4.loss_bbox: 0.0000, frame_0_dn_loss_cls: 0.0000, frame_0_dn_loss_bbox: 0.0000, frame_0_d0.dn_loss_cls: 0.0000, frame_0_d0.dn_loss_bbox: 0.0000, frame_0_d1.dn_loss_cls: 0.0000, frame_0_d1.dn_loss_bbox: 0.0000, frame_0_d2.dn_loss_cls: 0.0000, frame_0_d2.dn_loss_bbox: 0.0000, frame_0_d3.dn_loss_cls: 0.0000, frame_0_d3.dn_loss_bbox: 0.0000, frame_0_d4.dn_loss_cls: 0.0000, frame_0_d4.dn_loss_bbox: 0.0000, frame_0_enc_loss_cls: nan, frame_0_enc_loss_bbox: nan, frame_0_enc_loss_iou: nan, frame_0_centers2d_losses: nan, frame_0_centerness_losses: nan, loss: nan, grad_norm: nan
2026-01-06 14:55:27,153 - mmdet - INFO - Iter [7600/84384]	lr: 3.921e-04, eta: 4:14:43, time: 0.186, data_time: 0.013, memory: 6403, frame_0_loss_cls: 0.0000, frame_0_loss_bbox: 0.0000, frame_0_d0.loss_cls: 0.0000, frame_0_d0.loss_bbox: 0.0000, frame_0_d1.loss_cls: 0.0000, frame_0_d1.loss_bbox: 0.0000, frame_0_d2.loss_cls: 0.0000, frame_0_d2.loss_bbox: 0.0000, frame_0_d3.loss_cls: 0.0000, frame_0_d3.loss_bbox: 0.0000, frame_0_d4.loss_cls: 0.0000, frame_0_d4.loss_bbox: 0.0000, frame_0_dn_loss_cls: 0.0000, frame_0_dn_loss_bbox: 0.0000, frame_0_d0.dn_loss_cls: 0.0000, frame_0_d0.dn_loss_bbox: 0.0000, frame_0_d1.dn_loss_cls: 0.0000, frame_0_d1.dn_loss_bbox: 0.0000, frame_0_d2.dn_loss_cls: 0.0000, frame_0_d2.dn_loss_bbox: 0.0000, frame_0_d3.dn_loss_cls: 0.0000, frame_0_d3.dn_loss_bbox: 0.0000, frame_0_d4.dn_loss_cls: 0.0000, frame_0_d4.dn_loss_bbox: 0.0000, frame_0_enc_loss_cls: nan, frame_0_enc_loss_bbox: nan, frame_0_enc_loss_iou: nan, frame_0_centers2d_losses: nan, frame_0_centerness_losses: nan, loss: nan, grad_norm: nan
2026-01-06 14:55:36,183 - mmdet - INFO - Iter [7650/84384]	lr: 3.920e-04, eta: 4:14:23, time: 0.181, data_time: 0.014, memory: 6403, frame_0_loss_cls: 0.0000, frame_0_loss_bbox: 0.0000, frame_0_d0.loss_cls: 0.0000, frame_0_d0.loss_bbox: 0.0000, frame_0_d1.loss_cls: 0.0000, frame_0_d1.loss_bbox: 0.0000, frame_0_d2.loss_cls: 0.0000, frame_0_d2.loss_bbox: 0.0000, frame_0_d3.loss_cls: 0.0000, frame_0_d3.loss_bbox: 0.0000, frame_0_d4.loss_cls: 0.0000, frame_0_d4.loss_bbox: 0.0000, frame_0_dn_loss_cls: 0.0000, frame_0_dn_loss_bbox: 0.0000, frame_0_d0.dn_loss_cls: 0.0000, frame_0_d0.dn_loss_bbox: 0.0000, frame_0_d1.dn_loss_cls: 0.0000, frame_0_d1.dn_loss_bbox: 0.0000, frame_0_d2.dn_loss_cls: 0.0000, frame_0_d2.dn_loss_bbox: 0.0000, frame_0_d3.dn_loss_cls: 0.0000, frame_0_d3.dn_loss_bbox: 0.0000, frame_0_d4.dn_loss_cls: 0.0000, frame_0_d4.dn_loss_bbox: 0.0000, frame_0_enc_loss_cls: nan, frame_0_enc_loss_bbox: nan, frame_0_enc_loss_iou: nan, frame_0_centers2d_losses: nan, frame_0_centerness_losses: nan, loss: nan, grad_norm: nan
2026-01-06 14:55:45,675 - mmdet - INFO - Iter [7700/84384]	lr: 3.918e-04, eta: 4:14:09, time: 0.190, data_time: 0.015, memory: 6403, frame_0_loss_cls: 0.0000, frame_0_loss_bbox: 0.0000, frame_0_d0.loss_cls: 0.0000, frame_0_d0.loss_bbox: 0.0000, frame_0_d1.loss_cls: 0.0000, frame_0_d1.loss_bbox: 0.0000, frame_0_d2.loss_cls: 0.0000, frame_0_d2.loss_bbox: 0.0000, frame_0_d3.loss_cls: 0.0000, frame_0_d3.loss_bbox: 0.0000, frame_0_d4.loss_cls: 0.0000, frame_0_d4.loss_bbox: 0.0000, frame_0_dn_loss_cls: 0.0000, frame_0_dn_loss_bbox: 0.0000, frame_0_d0.dn_loss_cls: 0.0000, frame_0_d0.dn_loss_bbox: 0.0000, frame_0_d1.dn_loss_cls: 0.0000, frame_0_d1.dn_loss_bbox: 0.0000, frame_0_d2.dn_loss_cls: 0.0000, frame_0_d2.dn_loss_bbox: 0.0000, frame_0_d3.dn_loss_cls: 0.0000, frame_0_d3.dn_loss_bbox: 0.0000, frame_0_d4.dn_loss_cls: 0.0000, frame_0_d4.dn_loss_bbox: 0.0000, frame_0_enc_loss_cls: nan, frame_0_enc_loss_bbox: nan, frame_0_enc_loss_iou: nan, frame_0_centers2d_losses: nan, frame_0_centerness_losses: nan, loss: nan, grad_norm: nan
2026-01-06 14:55:56,457 - mmdet - INFO - Iter [7750/84384]	lr: 3.917e-04, eta: 4:14:07, time: 0.216, data_time: 0.016, memory: 6403, frame_0_loss_cls: 0.0000, frame_0_loss_bbox: 0.0000, frame_0_d0.loss_cls: 0.0000, frame_0_d0.loss_bbox: 0.0000, frame_0_d1.loss_cls: 0.0000, frame_0_d1.loss_bbox: 0.0000, frame_0_d2.loss_cls: 0.0000, frame_0_d2.loss_bbox: 0.0000, frame_0_d3.loss_cls: 0.0000, frame_0_d3.loss_bbox: 0.0000, frame_0_d4.loss_cls: 0.0000, frame_0_d4.loss_bbox: 0.0000, frame_0_dn_loss_cls: 0.0000, frame_0_dn_loss_bbox: 0.0000, frame_0_d0.dn_loss_cls: 0.0000, frame_0_d0.dn_loss_bbox: 0.0000, frame_0_d1.dn_loss_cls: 0.0000, frame_0_d1.dn_loss_bbox: 0.0000, frame_0_d2.dn_loss_cls: 0.0000, frame_0_d2.dn_loss_bbox: 0.0000, frame_0_d3.dn_loss_cls: 0.0000, frame_0_d3.dn_loss_bbox: 0.0000, frame_0_d4.dn_loss_cls: 0.0000, frame_0_d4.dn_loss_bbox: 0.0000, frame_0_enc_loss_cls: nan, frame_0_enc_loss_bbox: nan, frame_0_enc_loss_iou: nan, frame_0_centers2d_losses: nan, frame_0_centerness_losses: nan, loss: nan, grad_norm: nan
2026-01-06 14:56:06,773 - mmdet - INFO - Iter [7800/84384]	lr: 3.916e-04, eta: 4:14:01, time: 0.206, data_time: 0.016, memory: 6403, frame_0_loss_cls: 0.0000, frame_0_loss_bbox: 0.0000, frame_0_d0.loss_cls: 0.0000, frame_0_d0.loss_bbox: 0.0000, frame_0_d1.loss_cls: 0.0000, frame_0_d1.loss_bbox: 0.0000, frame_0_d2.loss_cls: 0.0000, frame_0_d2.loss_bbox: 0.0000, frame_0_d3.loss_cls: 0.0000, frame_0_d3.loss_bbox: 0.0000, frame_0_d4.loss_cls: 0.0000, frame_0_d4.loss_bbox: 0.0000, frame_0_dn_loss_cls: 0.0000, frame_0_dn_loss_bbox: 0.0000, frame_0_d0.dn_loss_cls: 0.0000, frame_0_d0.dn_loss_bbox: 0.0000, frame_0_d1.dn_loss_cls: 0.0000, frame_0_d1.dn_loss_bbox: 0.0000, frame_0_d2.dn_loss_cls: 0.0000, frame_0_d2.dn_loss_bbox: 0.0000, frame_0_d3.dn_loss_cls: 0.0000, frame_0_d3.dn_loss_bbox: 0.0000, frame_0_d4.dn_loss_cls: 0.0000, frame_0_d4.dn_loss_bbox: 0.0000, frame_0_enc_loss_cls: nan, frame_0_enc_loss_bbox: nan, frame_0_enc_loss_iou: nan, frame_0_centers2d_losses: nan, frame_0_centerness_losses: nan, loss: nan, grad_norm: nan
2026-01-06 14:56:16,210 - mmdet - INFO - Iter [7850/84384]	lr: 3.915e-04, eta: 4:13:46, time: 0.189, data_time: 0.015, memory: 6403, frame_0_loss_cls: 0.0000, frame_0_loss_bbox: 0.0000, frame_0_d0.loss_cls: 0.0000, frame_0_d0.loss_bbox: 0.0000, frame_0_d1.loss_cls: 0.0000, frame_0_d1.loss_bbox: 0.0000, frame_0_d2.loss_cls: 0.0000, frame_0_d2.loss_bbox: 0.0000, frame_0_d3.loss_cls: 0.0000, frame_0_d3.loss_bbox: 0.0000, frame_0_d4.loss_cls: 0.0000, frame_0_d4.loss_bbox: 0.0000, frame_0_dn_loss_cls: 0.0000, frame_0_dn_loss_bbox: 0.0000, frame_0_d0.dn_loss_cls: 0.0000, frame_0_d0.dn_loss_bbox: 0.0000, frame_0_d1.dn_loss_cls: 0.0000, frame_0_d1.dn_loss_bbox: 0.0000, frame_0_d2.dn_loss_cls: 0.0000, frame_0_d2.dn_loss_bbox: 0.0000, frame_0_d3.dn_loss_cls: 0.0000, frame_0_d3.dn_loss_bbox: 0.0000, frame_0_d4.dn_loss_cls: 0.0000, frame_0_d4.dn_loss_bbox: 0.0000, frame_0_enc_loss_cls: nan, frame_0_enc_loss_bbox: nan, frame_0_enc_loss_iou: nan, frame_0_centers2d_losses: nan, frame_0_centerness_losses: nan, loss: nan, grad_norm: nan
2026-01-06 14:56:25,615 - mmdet - INFO - Iter [7900/84384]	lr: 3.914e-04, eta: 4:13:31, time: 0.188, data_time: 0.015, memory: 6403, frame_0_loss_cls: 0.0000, frame_0_loss_bbox: 0.0000, frame_0_d0.loss_cls: 0.0000, frame_0_d0.loss_bbox: 0.0000, frame_0_d1.loss_cls: 0.0000, frame_0_d1.loss_bbox: 0.0000, frame_0_d2.loss_cls: 0.0000, frame_0_d2.loss_bbox: 0.0000, frame_0_d3.loss_cls: 0.0000, frame_0_d3.loss_bbox: 0.0000, frame_0_d4.loss_cls: 0.0000, frame_0_d4.loss_bbox: 0.0000, frame_0_dn_loss_cls: 0.0000, frame_0_dn_loss_bbox: 0.0000, frame_0_d0.dn_loss_cls: 0.0000, frame_0_d0.dn_loss_bbox: 0.0000, frame_0_d1.dn_loss_cls: 0.0000, frame_0_d1.dn_loss_bbox: 0.0000, frame_0_d2.dn_loss_cls: 0.0000, frame_0_d2.dn_loss_bbox: 0.0000, frame_0_d3.dn_loss_cls: 0.0000, frame_0_d3.dn_loss_bbox: 0.0000, frame_0_d4.dn_loss_cls: 0.0000, frame_0_d4.dn_loss_bbox: 0.0000, frame_0_enc_loss_cls: nan, frame_0_enc_loss_bbox: nan, frame_0_enc_loss_iou: nan, frame_0_centers2d_losses: nan, frame_0_centerness_losses: nan, loss: nan, grad_norm: nan
